review_id,clip_cross_modal
R00001,0.20878375
R00002,0.1074682
R00003,0.18751173
R00004,0.2441141
R00005,0.25566256
R00006,0.21165496
R00007,0.26518095
R00008,0.15215915
R00009,0.23496062
R00010,0.23712301
R00011,0.17760079
R00012,0.21457732
R00013,0.17628336
R00014,0.2779373
R00015,0.222092
R00016,0.13683712
R00017,0.2624215
R00018,0.2399133
R00019,0.19426498
R00020,0.16880193
R00021,0.16572559
R00022,0.2747814
R00023,0.19006532
R00024,0.22106487
R00025,0.25171152
R00026,0.24440819
R00027,0.1687886
R00028,0.14035177
R00029,0.196673
R00030,0.21167985
R00031,0.12708373
R00032,0.20955104
R00033,0.22044246
R00034,0.28039014
R00035,0.16403708
R00036,0.24114284
R00037,0.2348427
R00038,0.2534717
R00039,0.19392109
R00040,0.16324715
R00041,0.15489319
R00042,0.10939047
R00043,0.23575091
R00044,0.24275574
R00045,0.19294837
R00046,0.17910302
R00047,0.25435132
R00048,0.20294002
R00049,0.18554272
R00050,0.29384398
R00051,0.26326466
R00052,0.23572722
R00053,0.25971666
R00054,0.22867578
R00055,0.1784247
R00056,0.1859565
R00057,0.22235197
R00058,0.15383068
R00059,0.22043699
R00060,0.19507211
R00061,0.23849785
R00062,0.16958246
R00063,0.16483003
R00064,0.2028361
R00065,0.1692285
R00066,0.24590793
R00067,0.23942913
R00068,0.1528326
R00069,0.16708684
R00070,0.18633212
R00071,0.24970259
R00072,0.24760056
R00073,0.15947431
R00074,0.24185996
R00075,0.14914772
R00076,0.28428176
R00077,0.2715665
R00078,0.19681443
R00079,0.1584596
R00080,0.25663698
R00081,0.18899816
R00082,0.206198
R00083,0.19449577
R00084,0.14541103
R00085,0.17968225
R00086,0.16609141
R00087,0.065694146
R00088,0.269077
R00089,0.2596364
R00090,0.17714052
R00091,0.24119121
R00092,0.1777804
R00093,0.19370899
R00094,0.14950633
R00095,0.26594877
R00096,0.23611087
R00097,0.25521767
R00098,0.17864749
R00099,0.1911791
R00100,0.23852484
R00101,0.18737242
R00102,0.29881465
R00103,0.20623714
R00104,0.19623026
R00105,0.19598469
R00106,0.19362286
R00107,0.22837617
R00108,0.17678133
R00109,0.24359326
R00110,0.18482035
R00111,0.14761135
R00112,0.17350535
R00113,0.1793788
R00114,0.24752471
R00115,0.21798933
R00116,0.26351058
R00117,0.27348334
R00118,0.28310144
R00119,0.22277713
R00120,0.19730446
R00121,0.24602805
R00122,0.2182561
R00123,0.22805835
R00124,0.20580082
R00125,0.16593996
R00126,0.15041226
R00127,0.2063635
R00128,0.23375405
R00129,0.19514358
R00130,0.18686655
R00131,0.3195144
R00132,0.14697331
R00133,0.30788735
R00134,0.18305722
R00135,0.21141233
R00136,0.18721056
R00137,0.35344622
R00138,0.19844979
R00139,0.21384382
R00140,0.25260088
R00141,0.19167389
R00142,0.15739697
R00143,0.19249946
R00144,0.3390746
R00145,0.24483347
R00146,0.18048605
R00147,0.16739926
R00148,0.11798697
R00149,0.25135863
R00150,0.21587229
R00151,0.24224743
R00152,0.20867828
R00153,0.20957616
R00154,0.18828824
R00155,0.18279132
R00156,0.18088998
R00157,0.13441624
R00158,0.25269675
R00159,0.2646538
R00160,0.28824478
R00161,0.16489004
R00162,0.263965
R00163,0.24933338
R00164,0.2739473
R00165,0.15308528
R00166,0.23804817
R00167,0.16867283
R00168,0.27183133
R00169,0.20059744
R00170,0.19466534
R00171,0.17285243
R00172,0.26437455
R00173,0.17820346
R00174,0.30000865
R00175,0.102055565
R00176,0.20080689
R00177,0.24218251
R00178,0.14467086
R00179,0.19450828
R00180,0.25044274
R00181,0.23762211
R00182,0.24262404
R00183,0.1540815
R00184,0.24154416
R00185,0.15227658
R00186,0.20507391
R00187,0.13968034
R00188,0.19602972
R00189,0.25192732
R00190,0.26910296
R00191,0.16201432
R00192,0.20846456
R00193,0.25603962
R00194,0.24282959
R00195,0.15842044
R00196,0.10200113
R00197,0.19061098
R00198,0.19982418
R00199,0.19947636
R00200,0.1841597
R00201,0.25186628
R00202,0.24704626
R00203,0.18415366
R00204,0.24649505
R00205,0.302647
R00206,0.27470493
R00207,0.23943399
R00208,0.2635967
R00209,0.1747674
R00210,0.1467039
R00211,0.2561207
R00212,0.20536017
R00213,0.16231039
R00214,0.16576363
R00215,0.109001175
R00216,0.20236874
R00217,0.22453752
R00218,0.16470188
R00219,0.20006537
R00220,0.14478841
R00221,0.12667441
R00222,0.19369677
R00223,0.250997
R00224,0.117826596
R00225,0.20982032
R00226,0.23513588
R00227,0.21826068
R00228,0.16327949
R00229,0.22744474
R00230,0.1962868
R00231,0.16388193
R00232,0.21781573
R00233,0.24338545
R00234,0.12497504
R00235,0.18567508
R00236,0.2665627
R00237,0.2440044
R00238,0.21649499
R00239,0.23454928
R00240,0.16300634
R00241,0.10309463
R00242,0.2486277
R00243,0.18007976
R00244,0.2390075
R00245,0.22716348
R00246,0.2525161
R00247,0.18237911
R00248,0.2015029
R00249,0.18008673
R00250,0.16592841
R00251,0.114097
R00252,0.14778778
R00253,0.15819967
R00254,0.16510022
R00255,0.22778423
R00256,0.23759882
R00257,0.18031773
R00258,0.19962658
R00259,0.14171197
R00260,0.2532265
R00261,0.27174652
R00262,0.26893654
R00263,0.2694764
R00264,0.18007223
R00265,0.19284773
R00266,0.17591235
R00267,0.11257234
R00268,0.20637038
R00269,0.20821634
R00270,0.20590712
R00271,0.20004097
R00272,0.19456431
R00273,0.1990659
R00274,0.13636732
R00275,0.24190706
R00276,0.28698933
R00277,0.18224853
R00278,0.1820031
R00279,0.21746051
R00280,0.16100444
R00281,0.2056422
R00282,0.15818194
R00283,0.18285495
R00284,0.24968617
R00285,0.25411922
R00286,0.18897113
R00287,0.18246444
R00288,0.25450826
R00289,0.24798737
R00290,0.2647134
R00291,0.23172887
R00292,0.24685493
R00293,0.22077149
R00294,0.18364197
R00295,0.21960643
R00296,0.1672972
R00297,0.22185408
R00298,0.30348468
R00299,0.22252452
R00300,0.17977148
R00301,0.25522014
R00302,0.21100152
R00303,0.18844476
R00304,0.213952
R00305,0.26671967
R00306,0.22334878
R00307,0.15986499
R00308,0.13289157
R00309,0.15387315
R00310,0.23780054
R00311,0.1240446
R00312,0.17758502
R00313,0.27202666
R00314,0.107911184
R00315,0.17016047
R00316,0.21024665
R00317,0.16246822
R00318,0.14154933
R00319,0.137312
R00320,0.19835266
R00321,0.22139326
R00322,0.16704865
R00323,0.27463204
R00324,0.10725656
R00325,0.17296961
R00326,0.27613792
R00327,0.18267936
R00328,0.16019988
R00329,0.13310239
R00330,0.20967597
R00331,0.19863676
R00332,0.18104559
R00333,0.09487402
R00334,0.187303
R00335,0.18171257
R00336,0.2080509
R00337,0.1955916
R00338,0.22589998
R00339,0.15498513
R00340,0.16889825
R00341,0.13751274
R00342,0.1882241
R00343,0.15142387
R00344,0.23931754
R00345,0.17509957
R00346,0.15829322
R00347,0.22581078
R00348,0.21047947
R00349,0.17549303
R00350,0.14653781
R00351,0.17909944
R00352,0.21262848
R00353,0.21075708
R00354,0.22989886
R00355,0.21317983
R00356,0.3044027
R00357,0.16721448
R00358,0.27192628
R00359,0.21794334
R00360,0.29485887
R00361,0.21322244
R00362,0.1926099
R00363,0.23261927
R00364,0.13208367
R00365,0.2649513
R00366,0.268233
R00367,0.19483136
R00368,0.204745
R00369,0.20462424
R00370,0.24476802
R00371,0.21506253
R00372,0.26813197
R00373,0.20082486
R00374,0.26349726
R00375,0.23154147
R00376,0.2548078
R00377,0.2333894
R00378,0.27438384
R00379,0.20258613
R00380,0.23337576
R00381,0.21986488
R00382,0.26523575
R00383,0.13887416
R00384,0.22985086
R00385,0.16941817
R00386,0.24318673
R00387,0.17898333
R00388,0.18383804
R00389,0.20562391
R00390,0.25889593
R00391,0.24043465
R00392,0.25417465
R00393,0.2319465
R00394,0.3134387
R00395,0.33124274
R00396,0.19029719
R00397,0.25131118
R00398,0.19516666
R00399,0.24699128
R00400,0.12345782
R00401,0.19533405
R00402,0.15381505
R00403,0.12690885
R00404,0.22492217
R00405,0.21895504
R00406,0.27492315
R00407,0.19712067
R00408,0.18025556
R00409,0.18900877
R00410,0.15289958
R00411,0.16795799
R00412,0.20429832
R00413,0.27506185
R00414,0.16089945
R00415,0.16155359
R00416,0.15813564
R00417,0.16513897
R00418,0.17391822
R00419,0.2420395
R00420,0.21077517
R00421,0.23472734
R00422,0.27144128
R00423,0.23552585
R00424,0.21835363
R00425,0.19264585
R00426,0.2613383
R00427,0.26361376
R00428,0.20226622
R00429,0.06387964
R00430,0.13959989
R00431,0.19043438
R00432,0.11706425
R00433,0.18657401
R00434,0.24920681
R00435,0.131424
R00436,0.13803312
R00437,0.20444308
R00438,0.21883678
R00439,0.215473
R00440,0.17266037
R00441,0.05941858
R00442,0.15194184
R00443,0.15771084
R00444,0.18004864
R00445,0.2549585
R00446,0.18223691
R00447,0.24396205
R00448,0.16849808
R00449,0.19028746
R00450,0.25144696
R00451,0.2563097
R00452,0.22844483
R00453,0.20354709
R00454,0.24089953
R00455,0.14516522
R00456,0.174274
R00457,0.22237617
R00458,0.17869198
R00459,0.22276855
R00460,0.17737788
R00461,0.23662296
R00462,0.24034144
R00463,0.2244977
R00464,0.20756342
R00465,0.19604473
R00466,0.18757877
R00467,0.18236741
R00468,0.24885523
R00469,0.25743848
R00470,0.23263188
R00471,0.19589908
R00472,0.23101458
R00473,0.21969865
R00474,0.18612878
R00475,0.17958374
R00476,0.1917595
R00477,0.10839492
R00478,0.19173142
R00479,0.22901459
R00480,0.17191064
R00481,0.12683316
R00482,0.21709755
R00483,0.18761936
R00484,0.13975023
R00485,0.17796615
R00486,0.17326829
R00487,0.2759378
R00488,0.23568793
R00489,0.2458083
R00490,0.21247256
R00491,0.18746197
R00492,0.2104861
R00493,0.22548665
R00494,0.15861021
R00495,0.18441504
R00496,0.13560982
R00497,0.27594087
R00498,0.15199041
R00499,0.14723414
R00500,0.25609472
R00501,0.18299778
R00502,0.15968683
R00503,0.17258546
R00504,0.21987951
R00505,0.23405915
R00506,0.08654262
R00507,0.1933592
R00508,0.17559719
R00509,0.19605839
R00510,0.2183742
R00511,0.23194416
R00512,0.1377514
R00513,0.13042197
R00514,0.2613029
R00515,0.17082655
R00516,0.14665928
R00517,0.16621548
R00518,0.15464756
R00519,0.17029244
R00520,0.21694672
R00521,0.10456437
R00522,0.13849263
R00523,0.20419304
R00524,0.24969488
R00525,0.16233845
R00526,0.14766878
R00527,0.23926073
R00528,0.12239369
R00529,0.13273413
R00530,0.2551356
R00531,0.21182019
R00532,0.19991153
R00533,0.20217745
R00534,0.2543996
R00535,0.19490108
R00536,0.16301204
R00537,0.14778003
R00538,0.2544068
R00539,0.2549491
R00540,0.1514883
R00541,0.2887082
R00542,0.16487557
R00543,0.15343046
R00544,0.22262666
R00545,0.19868055
R00546,0.21844545
R00547,0.22175354
R00548,0.21448
R00549,0.16868155
R00550,0.15918733
R00551,0.23634471
R00552,0.18328133
R00553,0.20257844
R00554,0.28301078
R00555,0.17423701
R00556,0.22086874
R00557,0.25255197
R00558,0.29123706
R00559,0.20360684
R00560,0.18996769
R00561,0.23413183
R00562,0.22708242
R00563,0.22221613
R00564,0.2695675
R00565,0.25282097
R00566,0.24941957
R00567,0.15239242
R00568,0.17060824
R00569,0.25547338
R00570,0.2788178
R00571,0.2755533
R00572,0.25378126
R00573,0.12911299
R00574,0.19139464
R00575,0.16243634
R00576,0.18350866
R00577,0.24903959
R00578,0.10473208
R00579,0.1511341
R00580,0.20675674
R00581,0.31658638
R00582,0.21544737
R00583,0.28641212
R00584,0.12877885
R00585,0.1541861
R00586,0.21089634
R00587,0.15824297
R00588,0.22945574
R00589,0.19961457
R00590,0.13892376
R00591,0.25196457
R00592,0.11527349
R00593,0.20498824
R00594,0.16418348
R00595,0.17522058
R00596,0.25205028
R00597,0.25272667
R00598,0.26636198
R00599,0.21495584
R00600,0.17250526
R00601,0.24733475
R00602,0.21830618
R00603,0.20333523
R00604,0.18349823
R00605,0.13201469
R00606,0.2625793
R00607,0.15319729
R00608,0.2701968
R00609,0.15662132
R00610,0.14306243
R00611,0.13858786
R00612,0.3214217
R00613,0.2022129
R00614,0.18463562
R00615,0.21329802
R00616,0.28048304
R00617,0.14705251
R00618,0.26113585
R00619,0.1391842
R00620,0.18920064
R00621,0.18096133
R00622,0.24951214
R00623,0.19809133
R00624,0.1914793
R00625,0.21178636
R00626,0.20934622
R00627,0.2658214
R00628,0.20340836
R00629,0.17057158
R00630,0.093663074
R00631,0.2363725
R00632,0.19712487
R00633,0.18621355
R00634,0.25294575
R00635,0.15808228
R00636,0.17718084
R00637,0.16723695
R00638,0.17706308
R00639,0.21946497
R00640,0.2500382
R00641,0.19205819
R00642,0.26901293
R00643,0.22400974
R00644,0.285708
R00645,0.16259718
R00646,0.12217789
R00647,0.24408822
R00648,0.2083898
R00649,0.31484032
R00650,0.20762382
R00651,0.12771729
R00652,0.15516318
R00653,0.27723917
R00654,0.11476441
R00655,0.13500021
R00656,0.20454228
R00657,0.27893722
R00658,0.15085891
R00659,0.17098515
R00660,0.21688363
R00661,0.11696097
R00662,0.2606497
R00663,0.19488662
R00664,0.14648339
R00665,0.18617487
R00666,0.1520459
R00667,0.22109437
R00668,0.23829322
R00669,0.17370182
R00670,0.25802958
R00671,0.20208636
R00672,0.17333329
R00673,0.19307658
R00674,0.10533464
R00675,0.16845754
R00676,0.13698244
R00677,0.18297195
R00678,0.12738183
R00679,0.22409612
R00680,0.2346683
R00681,0.15461409
R00682,0.1565713
R00683,0.17757735
R00684,0.1529954
R00685,0.23031113
R00686,0.1436011
R00687,0.21298295
R00688,0.21343815
R00689,0.15126199
R00690,0.2586236
R00691,0.18094964
R00692,0.23400787
R00693,0.21740362
R00694,0.1445015
R00695,0.20712313
R00696,0.14694616
R00697,0.21393918
R00698,0.23242974
R00699,0.19969395
R00700,0.24986143
R00701,0.1529318
R00702,0.17056581
R00703,0.27565885
R00704,0.25505108
R00705,0.1976667
R00706,0.19163178
R00707,0.20986731
R00708,0.26809573
R00709,0.22362085
R00710,0.25974435
R00711,0.22347896
R00712,0.19794813
R00713,0.21363825
R00714,0.18300162
R00715,0.16742063
R00716,0.22627471
R00717,0.16685227
R00718,0.17595702
R00719,0.20054442
R00720,0.23800698
R00721,0.28551272
R00722,0.29295766
R00723,0.25628734
R00724,0.20735425
R00725,0.19365633
R00726,0.19493535
R00727,0.19363973
R00728,0.13546968
R00729,0.16241397
R00730,0.3259289
R00731,0.21545678
R00732,0.30897462
R00733,0.19807321
R00734,0.14035955
R00735,0.12815154
R00736,0.16320239
R00737,0.23058775
R00738,0.2598468
R00739,0.19249144
R00740,0.1929838
R00741,0.20519716
R00742,0.16324624
R00743,0.28706145
R00744,0.22081646
R00745,0.3067522
R00746,0.23546751
R00747,0.21246408
R00748,0.18793964
R00749,0.2036342
R00750,0.13213547
R00751,0.13536078
R00752,0.2779317
R00753,0.2476176
R00754,0.22349015
R00755,0.19293956
R00756,0.18807091
R00757,0.16120967
R00758,0.2724558
R00759,0.12031467
R00760,0.2069516
R00761,0.17393672
R00762,0.1703802
R00763,0.2984112
R00764,0.18090826
R00765,0.15524547
R00766,0.2199311
R00767,0.19920063
R00768,0.23502368
R00769,0.20066266
R00770,0.15579933
R00771,0.20601112
R00772,0.13622214
R00773,0.20629054
R00774,0.19502527
R00775,0.18063499
R00776,0.20223163
R00777,0.25370142
R00778,0.25689727
R00779,0.199837
R00780,0.14569303
R00781,0.2723902
R00782,0.16267288
R00783,0.2638179
R00784,0.2533166
R00785,0.19733708
R00786,0.26830614
R00787,0.2842504
R00788,0.22575378
R00789,0.17306468
R00790,0.1862773
R00791,0.20592669
R00792,0.28386843
R00793,0.12412073
R00794,0.2580481
R00795,0.20885772
R00796,0.205584
R00797,0.26322806
R00798,0.2701906
R00799,0.18207146
R00800,0.2434796
R00801,0.19883966
R00802,0.19104975
R00803,0.17593315
R00804,0.157709
R00805,0.24737877
R00806,0.18382263
R00807,0.17493306
R00808,0.14137557
R00809,0.19114336
R00810,0.31896627
R00811,0.2368756
R00812,0.23421204
R00813,0.23054561
R00814,0.20211366
R00815,0.28052893
R00816,0.2352994
R00817,0.25995058
R00818,0.26672983
R00819,0.24746236
R00820,0.22433673
R00821,0.17578426
R00822,0.17205942
R00823,0.2030952
R00824,0.24474463
R00825,0.19734198
R00826,0.16084644
R00827,0.25295043
R00828,0.28134203
R00829,0.27558723
R00830,0.15468824
R00831,0.18203095
R00832,0.18644813
R00833,0.28392577
R00834,0.22839558
R00835,0.18637379
R00836,0.21374407
R00837,0.18374732
R00838,0.22642982
R00839,0.19323179
R00840,0.16252136
R00841,0.17763579
R00842,0.2230685
R00843,0.14645816
R00844,0.24623843
R00845,0.30288622
R00846,0.22207344
R00847,0.22085223
R00848,0.15622163
R00849,0.13115484
R00850,0.2384688
R00851,0.22915214
R00852,0.20530672
R00853,0.115660906
R00854,0.25380862
R00855,0.20803207
R00856,0.2552728
R00857,0.23047209
R00858,0.26384532
R00859,0.24364051
R00860,0.15867864
R00861,0.2310791
R00862,0.22958851
R00863,0.2853129
R00864,0.18815973
R00865,0.20675138
R00866,0.24078064
R00867,0.17291756
R00868,0.2178962
R00869,0.26626575
R00870,0.1647125
R00871,0.17628998
R00872,0.2467897
R00873,0.13758776
R00874,0.2284564
R00875,0.14166185
R00876,0.14408395
R00877,0.18711136
R00878,0.27545863
R00879,0.24612969
R00880,0.17949119
R00881,0.12601554
R00882,0.25251442
R00883,0.27610242
R00884,0.23608708
R00885,0.19278459
R00886,0.26807624
R00887,0.14395481
R00888,0.14971946
R00889,0.13532385
R00890,0.08043668
R00891,0.2492694
R00892,0.271074
R00893,0.2687515
R00894,0.21826267
R00895,0.19897638
R00896,0.2293914
R00897,0.26228082
R00898,0.25240988
R00899,0.21036258
R00900,0.24105002
R00901,0.21419613
R00902,0.21064559
R00903,0.18160969
R00904,0.25485504
R00905,0.23258771
R00906,0.26044905
R00907,0.27750784
R00908,0.22362404
R00909,0.21623701
R00910,0.22313675
R00911,0.19975019
R00912,0.31077653
R00913,0.2881593
R00914,0.24073052
R00915,0.1699997
R00916,0.21262804
R00917,0.15994479
R00918,0.1433091
R00919,0.2633633
R00920,0.26403332
R00921,0.25879675
R00922,0.23144759
R00923,0.1487414
R00924,0.22253385
R00925,0.15866697
R00926,0.20765328
R00927,0.19530794
R00928,0.227944
R00929,0.15246415
R00930,0.22429615
R00931,0.18848181
R00932,0.16708705
R00933,0.20294663
R00934,0.1803928
R00935,0.27060923
R00936,0.17229415
R00937,0.15282753
R00938,0.21276635
R00939,0.28186095
R00940,0.156968
R00941,0.2461987
R00942,0.17519313
R00943,0.21166587
R00944,0.26450557
R00945,0.23886044
R00946,0.14774263
R00947,0.13617778
R00948,0.19355655
R00949,0.19189805
R00950,0.17872134
R00951,0.23389879
R00952,0.21315745
R00953,0.22763884
R00954,0.15527019
R00955,0.23668239
R00956,0.2134141
R00957,0.1832414
R00958,0.17893976
R00959,0.20238402
R00960,0.2140503
R00961,0.13576876
R00962,0.28303432
R00963,0.1637192
R00964,0.2292673
R00965,0.26580414
R00966,0.20235577
R00967,0.1592232
R00968,0.1539263
R00969,0.21586171
R00970,0.14016023
R00971,0.29337427
R00972,0.16445139
R00973,0.15374151
R00974,0.1550175
R00975,0.23064211
R00976,0.17929891
R00977,0.19368854
R00978,0.15953869
R00979,0.26507694
R00980,0.29542002
R00981,0.26169646
R00982,0.17709282
R00983,0.18056458
R00984,0.19737038
R00985,0.14567912
R00986,0.18705952
R00987,0.19158778
R00988,0.23627217
R00989,0.17112648
R00990,0.16657904
R00991,0.24505122
R00992,0.2334477
R00993,0.1787703
R00994,0.32533148
R00995,0.18808559
R00996,0.16767865
R00997,0.20668814
R00998,0.29606596
R00999,0.30416924
R01000,0.24821323
R01001,0.2502573
R01002,0.16652018
R01003,0.21953285
R01004,0.27796668
R01005,0.1733713
R01006,0.17071563
R01007,0.25258377
R01008,0.19702211
R01009,0.27132222
R01010,0.15391502
R01011,0.15746364
R01012,0.25092995
R01013,0.1079862
R01014,0.17620936
R01015,0.2305038
R01016,0.22540407
R01017,0.21210432
R01018,0.1856765
R01019,0.20378375
R01020,0.20971765
R01021,0.19806778
R01022,0.21853447
R01023,0.2609408
R01024,0.24166588
R01025,0.23327467
R01026,0.255054
R01027,0.27439535
R01028,0.24163517
R01029,0.17450984
R01030,0.16620788
R01031,0.18444937
R01032,0.14513034
R01033,0.21796723
R01034,0.27813944
R01035,0.25364435
R01036,0.18018833
R01037,0.2753262
R01038,0.15291172
R01039,0.20194282
R01040,0.16302106
R01041,0.12767814
R01042,0.2943039
R01043,0.21359523
R01044,0.21872869
R01045,0.23374608
R01046,0.20269929
R01047,0.16589335
R01048,0.25677323
R01049,0.14318033
R01050,0.16722818
R01051,0.1856785
R01052,0.20514765
R01053,0.22890916
R01054,0.14583439
R01055,0.2168361
R01056,0.20917189
R01057,0.22840078
R01058,0.17458555
R01059,0.22202323
R01060,0.16497004
R01061,0.16133612
R01062,0.26294792
R01063,0.21074776
R01064,0.14384578
R01065,0.20825109
R01066,0.17997676
R01067,0.171611
R01068,0.20882538
R01069,0.27037692
R01070,0.18447688
R01071,0.19155256
R01072,0.22282459
R01073,0.1630322
R01074,0.1642949
R01075,0.23668925
R01076,0.25474626
R01077,0.2190387
R01078,0.2503922
R01079,0.21483545
R01080,0.22138831
R01081,0.24080168
R01082,0.22779532
R01083,0.22836411
R01084,0.17426382
R01085,0.23013149
R01086,0.24236155
R01087,0.2267564
R01088,0.20273241
R01089,0.18348283
R01090,0.24000078
R01091,0.14653437
R01092,0.1635706
R01093,0.16841534
R01094,0.24010637
R01095,0.25206962
R01096,0.22662225
R01097,0.24380644
R01098,0.24667326
R01099,0.1628645
R01100,0.2671787
R01101,0.3216622
R01102,0.23665482
R01103,0.13999903
R01104,0.23345289
R01105,0.14923286
R01106,0.23385821
R01107,0.19785756
R01108,0.14362001
R01109,0.15774181
R01110,0.20586504
R01111,0.24840933
R01112,0.13495901
R01113,0.16727367
R01114,0.31755745
R01115,0.2676009
R01116,0.24789707
R01117,0.25770575
R01118,0.23706368
R01119,0.18435162
R01120,0.11557793
R01121,0.10250756
R01122,0.19726208
R01123,0.16495174
R01124,0.19883294
R01125,0.19858944
R01126,0.26215369
R01127,0.17046389
R01128,0.16114931
R01129,0.21885543
R01130,0.21842766
R01131,0.26610047
R01132,0.25823995
R01133,0.2532411
R01134,0.19916993
R01135,0.13193071
R01136,0.19092923
R01137,0.17779626
R01138,0.2532659
R01139,0.27978182
R01140,0.2215089
R01141,0.17067844
R01142,0.27345005
R01143,0.20325428
R01144,0.15398286
R01145,0.24146819
R01146,0.2049323
R01147,0.2839767
R01148,0.2727466
R01149,0.17889065
R01150,0.20089431
R01151,0.21572778
R01152,0.13553467
R01153,0.17968646
R01154,0.17827383
R01155,0.23355696
R01156,0.23418888
R01157,0.23373748
R01158,0.2076655
R01159,0.26827085
R01160,0.16451547
R01161,0.21664652
R01162,0.24443781
R01163,0.12650704
R01164,0.19673601
R01165,0.24216904
R01166,0.25958073
R01167,0.20151436
R01168,0.2866708
R01169,0.19928887
R01170,0.22583808
R01171,0.16493852
R01172,0.16711688
R01173,0.22208185
R01174,0.269312
R01175,0.16051947
R01176,0.21532774
R01177,0.16193855
R01178,0.2324988
R01179,0.32322603
R01180,0.16374722
R01181,0.17594264
R01182,0.28145283
R01183,0.17966007
R01184,0.16237368
R01185,0.12467192
R01186,0.1942104
R01187,0.24818744
R01188,0.09958674
R01189,0.14787185
R01190,0.16222271
R01191,0.27646667
R01192,0.12607792
R01193,0.121643454
R01194,0.23986283
R01195,0.23623988
R01196,0.2599566
R01197,0.23567384
R01198,0.19954625
R01199,0.18033168
R01200,0.21440683
R01201,0.21181971
R01202,0.2210154
R01203,0.19396847
R01204,0.19295904
R01205,0.28903407
R01206,0.23143482
R01207,0.13893536
R01208,0.22486395
R01209,0.15492067
R01210,0.2063758
R01211,0.26100904
R01212,0.1106321
R01213,0.23539829
R01214,0.22674662
R01215,0.2567219
R01216,0.14476807
R01217,0.16115195
R01218,0.18283767
R01219,0.12279701
R01220,0.19187164
R01221,0.20738098
R01222,0.16803975
R01223,0.27148843
R01224,0.17679112
R01225,0.24163403
R01226,0.18224537
R01227,0.28035292
R01228,0.15604186
R01229,0.18933296
R01230,0.20356084
R01231,0.1849366
R01232,0.24539892
R01233,0.25072926
R01234,0.18588391
R01235,0.21337417
R01236,0.15859815
R01237,0.20384794
R01238,0.17250821
R01239,0.1575102
R01240,0.29945654
R01241,0.2595116
R01242,0.20617661
R01243,0.22561774
R01244,0.15622836
R01245,0.2616129
R01246,0.22881672
R01247,0.2721726
R01248,0.17741902
R01249,0.1634357
R01250,0.16911586
R01251,0.24680528
R01252,0.2644628
R01253,0.22211525
R01254,0.24689865
R01255,0.13136081
R01256,0.16193244
R01257,0.17228687
R01258,0.16775763
R01259,0.19336292
R01260,0.27207494
R01261,0.21549195
R01262,0.13981205
R01263,0.25677043
R01264,0.16975757
R01265,0.20171157
R01266,0.18857549
R01267,0.24340323
R01268,0.19070323
R01269,0.19832784
R01270,0.2436029
R01271,0.14470744
R01272,0.23706365
R01273,0.24739522
R01274,0.13925491
R01275,0.14369452
R01276,0.15983477
R01277,0.18267308
R01278,0.25065672
R01279,0.17761533
R01280,0.1696657
R01281,0.29382423
R01282,0.19518319
R01283,0.24640924
R01284,0.15266405
R01285,0.1542713
R01286,0.24996088
R01287,0.14915296
R01288,0.16564777
R01289,0.20356089
R01290,0.16485241
R01291,0.18851167
R01292,0.18301517
R01293,0.17425987
R01294,0.12545447
R01295,0.17517325
R01296,0.24858056
R01297,0.20726568
R01298,0.26436603
R01299,0.28989983
R01300,0.24981767
R01301,0.17500025
R01302,0.2768007
R01303,0.14476581
R01304,0.18279989
R01305,0.14108646
R01306,0.18375418
R01307,0.2663708
R01308,0.27382442
R01309,0.1444503
R01310,0.10039492
R01311,0.24117029
R01312,0.17694783
R01313,0.16105147
R01314,0.21477434
R01315,0.25200552
R01316,0.20460787
R01317,0.25066644
R01318,0.25240812
R01319,0.21802253
R01320,0.22869205
R01321,0.19471794
R01322,0.19572662
R01323,0.24090196
R01324,0.18005851
R01325,0.13096124
R01326,0.16587302
R01327,0.12495995
R01328,0.13115448
R01329,0.25125262
R01330,0.1472229
R01331,0.17585741
R01332,0.1941736
R01333,0.1754309
R01334,0.17181164
R01335,0.27691275
R01336,0.25552997
R01337,0.20923707
R01338,0.22618377
R01339,0.1628978
R01340,0.23778935
R01341,0.13925068
R01342,0.23200317
R01343,0.19947661
R01344,0.20525871
R01345,0.21465543
R01346,0.17675656
R01347,0.23209679
R01348,0.19883789
R01349,0.19594115
R01350,0.15350729
R01351,0.25579923
R01352,0.198213
R01353,0.1698824
R01354,0.1486801
R01355,0.2910712
R01356,0.25656566
R01357,0.15856534
R01358,0.10863541
R01359,0.20305088
R01360,0.14552249
R01361,0.13670899
R01362,0.13521148
R01363,0.18719076
R01364,0.105158366
R01365,0.24261126
R01366,0.24565846
R01367,0.21142802
R01368,0.25390196
R01369,0.18313646
R01370,0.23030975
R01371,0.27413982
R01372,0.20005219
R01373,0.24596116
R01374,0.28285658
R01375,0.24603471
R01376,0.123589806
R01377,0.1506652
R01378,0.2456804
R01379,0.11231265
R01380,0.15660077
R01381,0.18853398
R01382,0.24104553
R01383,0.17648317
R01384,0.2295128
R01385,0.21908784
R01386,0.1981971
R01387,0.21112277
R01388,0.20360386
R01389,0.23097685
R01390,0.277676
R01391,0.23776281
R01392,0.15914759
R01393,0.15761606
R01394,0.20277835
R01395,0.15691656
R01396,0.23053111
R01397,0.20180857
R01398,0.15847465
R01399,0.20144784
R01400,0.20664196
R01401,0.28275833
R01402,0.22659694
R01403,0.1913268
R01404,0.1662339
R01405,0.22874613
R01406,0.27692366
R01407,0.19178814
R01408,0.21491198
R01409,0.18167204
R01410,0.21158805
R01411,0.19480087
R01412,0.23811504
R01413,0.17472984
R01414,0.18976992
R01415,0.23716144
R01416,0.20188779
R01417,0.13656726
R01418,0.18627173
R01419,0.21913606
R01420,0.16842195
R01421,0.19184567
R01422,0.19877608
R01423,0.15200572
R01424,0.21056096
R01425,0.25917336
R01426,0.15981139
R01427,0.20056501
R01428,0.21403427
R01429,0.19210032
R01430,0.22753699
R01431,0.15117298
R01432,0.15265393
R01433,0.14170101
R01434,0.22952245
R01435,0.18939611
R01436,0.27810073
R01437,0.15761676
R01438,0.20697366
R01439,0.26787043
R01440,0.22136931
R01441,0.18889597
R01442,0.1356444
R01443,0.20018128
R01444,0.32071444
R01445,0.14305077
R01446,0.19011223
R01447,0.2152457
R01448,0.1294727
R01449,0.25423118
R01450,0.16111791
R01451,0.18468434
R01452,0.29361224
R01453,0.1927828
R01454,0.24026781
R01455,0.19627504
R01456,0.22919503
R01457,0.21677119
R01458,0.25367063
R01459,0.28610072
R01460,0.23161882
R01461,0.19327158
R01462,0.12052525
R01463,0.2110697
R01464,0.13672939
R01465,0.1697953
R01466,0.22636133
R01467,0.16360489
R01468,0.15311734
R01469,0.12945934
R01470,0.20611605
R01471,0.14799547
R01472,0.19889154
R01473,0.25204617
R01474,0.14689666
R01475,0.2448456
R01476,0.23376827
R01477,0.25116968
R01478,0.13035157
R01479,0.22690833
R01480,0.26612186
R01481,0.13336048
R01482,0.14824612
R01483,0.1529459
R01484,0.16687748
R01485,0.20314741
R01486,0.1047671
R01487,0.12484713
R01488,0.19887424
R01489,0.22335267
R01490,0.21806997
R01491,0.22838539
R01492,0.2154101
R01493,0.18168244
R01494,0.17792755
R01495,0.20040865
R01496,0.26176512
R01497,0.14623246
R01498,0.15340559
R01499,0.17374597
R01500,0.25262502
R01501,0.24139899
R01502,0.21426493
R01503,0.17793599
R01504,0.1793909
R01505,0.31645602
R01506,0.18478325
R01507,0.23677382
R01508,0.30142486
R01509,0.27463394
R01510,0.3043036
R01511,0.17000036
R01512,0.24742585
R01513,0.15346518
R01514,0.24754426
R01515,0.18160361
R01516,0.20867491
R01517,0.1332089
R01518,0.21568835
R01519,0.23667872
R01520,0.24463598
R01521,0.23806544
R01522,0.19941872
R01523,0.31040457
R01524,0.17692912
R01525,0.22220856
R01526,0.2659151
R01527,0.24822664
R01528,0.16816285
R01529,0.23573166
R01530,0.24031372
R01531,0.20726019
R01532,0.27214295
R01533,0.15834382
R01534,0.11206767
R01535,0.3342148
R01536,0.20226869
R01537,0.21065733
R01538,0.22595865
R01539,0.22063708
R01540,0.25816926
R01541,0.18285418
R01542,0.26720735
R01543,0.23943356
R01544,0.22435033
R01545,0.2041739
R01546,0.2546666
R01547,0.25018638
R01548,0.26777822
R01549,0.2151981
R01550,0.14481075
R01551,0.20829843
R01552,0.19866168
R01553,0.22137028
R01554,0.1905694
R01555,0.19783022
R01556,0.2203669
R01557,0.14776887
R01558,0.25030863
R01559,0.21306808
R01560,0.216441
R01561,0.20362367
R01562,0.25330266
R01563,0.22254182
R01564,0.24001412
R01565,0.25085542
R01566,0.24665532
R01567,0.10442137
R01568,0.22311005
R01569,0.28255874
R01570,0.18731532
R01571,0.26112756
R01572,0.23166904
R01573,0.20540884
R01574,0.17934191
R01575,0.17190197
R01576,0.2072005
R01577,0.18301837
R01578,0.16453631
R01579,0.24213113
R01580,0.23426884
R01581,0.21051034
R01582,0.20334885
R01583,0.23336917
R01584,0.15993124
R01585,0.124499485
R01586,0.21925288
R01587,0.16795808
R01588,0.27701935
R01589,0.16023189
R01590,0.27069825
R01591,0.17990261
R01592,0.17103097
R01593,0.26744688
R01594,0.1457918
R01595,0.21274687
R01596,0.15641987
R01597,0.29616058
R01598,0.14971001
R01599,0.30896074
R01600,0.28729817
R01601,0.1907015
R01602,0.1969546
R01603,0.1715968
R01604,0.13777515
R01605,0.15264359
R01606,0.25869304
R01607,0.1869348
R01608,0.17533383
R01609,0.285911
R01610,0.2703357
R01611,0.22789335
R01612,0.18717395
R01613,0.24004382
R01614,0.16382127
R01615,0.25027996
R01616,0.21739407
R01617,0.17280233
R01618,0.19552007
R01619,0.20279405
R01620,0.21250385
R01621,0.17409348
R01622,0.25257075
R01623,0.24431801
R01624,0.28169298
R01625,0.1913834
R01626,0.16742569
R01627,0.24067318
R01628,0.18629858
R01629,0.26235187
R01630,0.17535484
R01631,0.18256001
R01632,0.16509277
R01633,0.17598712
R01634,0.25167757
R01635,0.13238929
R01636,0.23403947
R01637,0.18010151
R01638,0.26013285
R01639,0.2602654
R01640,0.22594373
R01641,0.15505782
R01642,0.2337819
R01643,0.2523614
R01644,0.16716376
R01645,0.22025698
R01646,0.16472289
R01647,0.2818812
R01648,0.19931412
R01649,0.16790506
R01650,0.22249192
R01651,0.23075625
R01652,0.20887324
R01653,0.24169603
R01654,0.23626944
R01655,0.18771678
R01656,0.21768872
R01657,0.24483621
R01658,0.16531624
R01659,0.22003442
R01660,0.18265894
R01661,0.20077343
R01662,0.16454262
R01663,0.12116411
R01664,0.1643379
R01665,0.19810247
R01666,0.2082755
R01667,0.27510017
R01668,0.24669212
R01669,0.13698854
R01670,0.26921597
R01671,0.22672313
R01672,0.27220803
R01673,0.26645887
R01674,0.16549651
R01675,0.24071056
R01676,0.1518619
R01677,0.11722117
R01678,0.1512992
R01679,0.18562755
R01680,0.12630725
R01681,0.13931423
R01682,0.13692307
R01683,0.22468191
R01684,0.23792613
R01685,0.13434377
R01686,0.15869041
R01687,0.12585522
R01688,0.2623511
R01689,0.2684921
R01690,0.09849973
R01691,0.1849967
R01692,0.23887494
R01693,0.173996
R01694,0.16916275
R01695,0.19557407
R01696,0.25103045
R01697,0.1742661
R01698,0.2439079
R01699,0.18832055
R01700,0.16828877
R01701,0.24657848
R01702,0.3114977
R01703,0.14896645
R01704,0.1857959
R01705,0.15673
R01706,0.19887035
R01707,0.2696453
R01708,0.16771615
R01709,0.15984227
R01710,0.17944932
R01711,0.21880597
R01712,0.16742435
R01713,0.19850495
R01714,0.19850685
R01715,0.15200624
R01716,0.22356859
R01717,0.16748741
R01718,0.13482888
R01719,0.26150846
R01720,0.20287815
R01721,0.19176118
R01722,0.23023035
R01723,0.31165132
R01724,0.16993546
R01725,0.14379531
R01726,0.22986105
R01727,0.105437174
R01728,0.2134796
R01729,0.17594779
R01730,0.22489782
R01731,0.201998
R01732,0.19225541
R01733,0.19740017
R01734,0.30636603
R01735,0.28806317
R01736,0.26795948
R01737,0.25015426
R01738,0.27362204
R01739,0.24631767
R01740,0.17184699
R01741,0.21357398
R01742,0.16658211
R01743,0.28080902
R01744,0.22143471
R01745,0.23511404
R01746,0.21613866
R01747,0.26115668
R01748,0.15454629
R01749,0.22565791
R01750,0.19445942
R01751,0.20897311
R01752,0.16048309
R01753,0.17239732
R01754,0.316728
R01755,0.25213206
R01756,0.16467266
R01757,0.25706708
R01758,0.2673295
R01759,0.24361381
R01760,0.29203612
R01761,0.18090723
R01762,0.21952812
R01763,0.22743276
R01764,0.1837807
R01765,0.19862995
R01766,0.26112574
R01767,0.1855554
R01768,0.19240886
R01769,0.13890389
R01770,0.30445933
R01771,0.20535158
R01772,0.17875212
R01773,0.17253917
R01774,0.2080695
R01775,0.21157658
R01776,0.18953899
R01777,0.29495212
R01778,0.21281698
R01779,0.22574767
R01780,0.29721594
R01781,0.22854823
R01782,0.19381762
R01783,0.23815554
R01784,0.2938663
R01785,0.21262026
R01786,0.2561342
R01787,0.23845962
R01788,0.13167469
R01789,0.2333744
R01790,0.11717845
R01791,0.13335195
R01792,0.18475008
R01793,0.2066347
R01794,0.2597661
R01795,0.27359843
R01796,0.24788383
R01797,0.26828587
R01798,0.26739287
R01799,0.24753684
R01800,0.22142577
R01801,0.2699812
R01802,0.26981273
R01803,0.20261467
R01804,0.24532071
R01805,0.2172631
R01806,0.15368268
R01807,0.24660105
R01808,0.24368067
R01809,0.24554762
R01810,0.1516015
R01811,0.19520417
R01812,0.26939064
R01813,0.19517653
R01814,0.23508091
R01815,0.24716987
R01816,0.24679965
R01817,0.2925976
R01818,0.2046425
R01819,0.2421519
R01820,0.12005994
R01821,0.2217057
R01822,0.22344428
R01823,0.1497598
R01824,0.25946188
R01825,0.2546198
R01826,0.21486928
R01827,0.2587195
R01828,0.24801376
R01829,0.19299199
R01830,0.19855581
R01831,0.20838106
R01832,0.20819992
R01833,0.17634676
R01834,0.31258336
R01835,0.15772817
R01836,0.20243683
R01837,0.11717032
R01838,0.12958762
R01839,0.12539181
R01840,0.23393853
R01841,0.19211021
R01842,0.17193018
R01843,0.16349535
R01844,0.31281948
R01845,0.1963856
R01846,0.22258121
R01847,0.21832277
R01848,0.21020812
R01849,0.29088223
R01850,0.2691006
R01851,0.19702795
R01852,0.21551195
R01853,0.22669125
R01854,0.2617798
R01855,0.21749109
R01856,0.22686929
R01857,0.13300067
R01858,0.23330872
R01859,0.15283164
R01860,0.19570315
R01861,0.19862789
R01862,0.17705561
R01863,0.20560016
R01864,0.19032763
R01865,0.2037623
R01866,0.18378684
R01867,0.23879123
R01868,0.15745035
R01869,0.20969334
R01870,0.23786733
R01871,0.2018248
R01872,0.26561877
R01873,0.15736282
R01874,0.14015153
R01875,0.25952142
R01876,0.19340713
R01877,0.26683748
R01878,0.21371028
R01879,0.17696778
R01880,0.2442596
R01881,0.25706518
R01882,0.1810967
R01883,0.2533917
R01884,0.23484018
R01885,0.1222792
R01886,0.20059961
R01887,0.16902913
R01888,0.14417699
R01889,0.21428412
R01890,0.21524961
R01891,0.18858862
R01892,0.24153818
R01893,0.18496999
R01894,0.21721733
R01895,0.16564105
R01896,0.2402165
R01897,0.20883861
R01898,0.20820338
R01899,0.18099451
R01900,0.31606638
R01901,0.25046715
R01902,0.13897568
R01903,0.14372957
R01904,0.17513716
R01905,0.23217425
R01906,0.22288713
R01907,0.10542331
R01908,0.18590087
R01909,0.21546718
R01910,0.16098425
R01911,0.25611213
R01912,0.13393009
R01913,0.26238245
R01914,0.14582977
R01915,0.1847273
R01916,0.168429
R01917,0.22707921
R01918,0.20025492
R01919,0.25357133
R01920,0.17761579
R01921,0.13514315
R01922,0.13725714
R01923,0.20675255
R01924,0.15057626
R01925,0.25669926
R01926,0.19296917
R01927,0.22433004
R01928,0.13584702
R01929,0.1680191
R01930,0.23913509
R01931,0.24082038
R01932,0.23887941
R01933,0.20630789
R01934,0.24855
R01935,0.1655344
R01936,0.24146551
R01937,0.22717822
R01938,0.16799581
R01939,0.11523841
R01940,0.13827963
R01941,0.17115796
R01942,0.23109129
R01943,0.20636496
R01944,0.30276895
R01945,0.18162063
R01946,0.2984322
R01947,0.13339984
R01948,0.23791638
R01949,0.24523456
R01950,0.26888743
R01951,0.12645687
R01952,0.13267529
R01953,0.25627786
R01954,0.24196878
R01955,0.25042105
R01956,0.18697974
R01957,0.1731829
R01958,0.13843784
R01959,0.17865154
R01960,0.20918235
R01961,0.25794697
R01962,0.152166
R01963,0.24991982
R01964,0.18786272
R01965,0.29316834
R01966,0.19270596
R01967,0.18199742
R01968,0.2220689
R01969,0.28256857
R01970,0.21629566
R01971,0.18323839
R01972,0.12590182
R01973,0.18696883
R01974,0.22575364
R01975,0.18251091
R01976,0.17251033
R01977,0.2225444
R01978,0.18318965
R01979,0.2548205
R01980,0.26629883
R01981,0.1433887
R01982,0.21197511
R01983,0.19629747
R01984,0.26896256
R01985,0.28900546
R01986,0.2756816
R01987,0.2292297
R01988,0.21024457
R01989,0.18989179
R01990,0.14760578
R01991,0.16512436
R01992,0.274855
R01993,0.25523207
R01994,0.13570666
R01995,0.25752714
R01996,0.24136624
R01997,0.17342204
R01998,0.18927644
R01999,0.21865731
R02000,0.3031128
R02001,0.14379555
R02002,0.19366156
R02003,0.2324128
R02004,0.124166906
R02005,0.24651057
R02006,0.18979886
R02007,0.23756886
R02008,0.25621945
R02009,0.2626385
R02010,0.15548012
R02011,0.1668216
R02012,0.1663588
R02013,0.2354552
R02014,0.18348885
R02015,0.17198056
R02016,0.29405642
R02017,0.1298112
R02018,0.25589493
R02019,0.14174668
R02020,0.22546555
R02021,0.21126384
R02022,0.1423514
R02023,0.21028706
R02024,0.2712012
R02025,0.22999449
R02026,0.17404746
R02027,0.1841206
R02028,0.2588947
R02029,0.18743101
R02030,0.10138895
R02031,0.16536811
R02032,0.2046812
R02033,0.20306636
R02034,0.27155733
R02035,0.15314993
R02036,0.2314772
R02037,0.2120493
R02038,0.2529323
R02039,0.23633647
R02040,0.21858793
R02041,0.25401366
R02042,0.16187882
R02043,0.2177952
R02044,0.2440629
R02045,0.24493396
R02046,0.26236883
R02047,0.23231673
R02048,0.23184353
R02049,0.22868714
R02050,0.18899028
R02051,0.14049943
R02052,0.23189113
R02053,0.25287738
R02054,0.16851917
R02055,0.2073077
R02056,0.318878
R02057,0.1886316
R02058,0.19019562
R02059,0.18049277
R02060,0.24979898
R02061,0.22983018
R02062,0.210163
R02063,0.23610303
R02064,0.22562537
R02065,0.14136915
R02066,0.26841587
R02067,0.18089359
R02068,0.19001165
R02069,0.19806728
R02070,0.19642827
R02071,0.17378989
R02072,0.2894239
R02073,0.22851539
R02074,0.16680467
R02075,0.24878412
R02076,0.18051647
R02077,0.2723684
R02078,0.18829733
R02079,0.13216758
R02080,0.26916516
R02081,0.20213884
R02082,0.22352771
R02083,0.14692843
R02084,0.19087833
R02085,0.11710672
R02086,0.18181409
R02087,0.23944087
R02088,0.19861752
R02089,0.12696838
R02090,0.25712842
R02091,0.23479232
R02092,0.28419787
R02093,0.1360165
R02094,0.24010567
R02095,0.21663755
R02096,0.16558382
R02097,0.17033865
R02098,0.2303577
R02099,0.1631647
R02100,0.20856586
R02101,0.15432684
R02102,0.23073612
R02103,0.17451218
R02104,0.2862597
R02105,0.18610041
R02106,0.15981653
R02107,0.2801024
R02108,0.2215797
R02109,0.25414798
R02110,0.27847373
R02111,0.24939342
R02112,0.16043416
R02113,0.27722532
R02114,0.1374242
R02115,0.16409561
R02116,0.18162484
R02117,0.12891102
R02118,0.19506589
R02119,0.17561246
R02120,0.27492544
R02121,0.20426184
R02122,0.26516062
R02123,0.18182528
R02124,0.11026497
R02125,0.12676404
R02126,0.20535898
R02127,0.23238178
R02128,0.16714847
R02129,0.16557747
R02130,0.21979624
R02131,0.30906892
R02132,0.17200345
R02133,0.1120601
R02134,0.22733532
R02135,0.2092745
R02136,0.17686464
R02137,0.23861635
R02138,0.23844573
R02139,0.20473383
R02140,0.22019814
R02141,0.2080171
R02142,0.25728974
R02143,0.24067467
R02144,0.111817695
R02145,0.20224082
R02146,0.14761087
R02147,0.19243002
R02148,0.24649607
R02149,0.2619171
R02150,0.18584831
R02151,0.2774902
R02152,0.19544187
R02153,0.22156936
R02154,0.2762977
R02155,0.19710602
R02156,0.2661693
R02157,0.20786352
R02158,0.19149755
R02159,0.1849952
R02160,0.22626618
R02161,0.18609646
R02162,0.1281311
R02163,0.26013434
R02164,0.23023097
R02165,0.19656089
R02166,0.1482637
R02167,0.18906096
R02168,0.22015229
R02169,0.21171722
R02170,0.25975102
R02171,0.22100914
R02172,0.27874243
R02173,0.21876585
R02174,0.2901739
R02175,0.18302566
R02176,0.1588955
R02177,0.1931409
R02178,0.15201625
R02179,0.25187755
R02180,0.1902481
R02181,0.3013109
R02182,0.12799317
R02183,0.30200285
R02184,0.21245682
R02185,0.18889064
R02186,0.20856452
R02187,0.18889153
R02188,0.31113052
R02189,0.2292716
R02190,0.12559941
R02191,0.17573768
R02192,0.2708721
R02193,0.23280013
R02194,0.2427257
R02195,0.25759268
R02196,0.19088039
R02197,0.19850433
R02198,0.2668279
R02199,0.25549895
R02200,0.2919727
R02201,0.15646772
R02202,0.22059113
R02203,0.22639078
R02204,0.14719191
R02205,0.19793256
R02206,0.1449516
R02207,0.18506001
R02208,0.18613443
R02209,0.13106813
R02210,0.2195922
R02211,0.19229919
R02212,0.21969053
R02213,0.18771812
R02214,0.124474704
R02215,0.14720958
R02216,0.20393762
R02217,0.25773114
R02218,0.1658296
R02219,0.16887273
R02220,0.22744423
R02221,0.2465373
R02222,0.26530063
R02223,0.23950432
R02224,0.20223987
R02225,0.27671367
R02226,0.19799799
R02227,0.21069278
R02228,0.25546998
R02229,0.16032985
R02230,0.18103452
R02231,0.15374014
R02232,0.20393698
R02233,0.2004016
R02234,0.19435182
R02235,0.25480905
R02236,0.11662394
R02237,0.25146377
R02238,0.14425561
R02239,0.18016395
R02240,0.14765337
R02241,0.16982943
R02242,0.2068957
R02243,0.18394214
R02244,0.20232093
R02245,0.19346079
R02246,0.20138589
R02247,0.30543426
R02248,0.13932475
R02249,0.20624319
R02250,0.19856943
R02251,0.22883967
R02252,0.25591788
R02253,0.26666352
R02254,0.24434872
R02255,0.20166151
R02256,0.14884026
R02257,0.1974816
R02258,0.18518561
R02259,0.27070367
R02260,0.24540597
R02261,0.17174762
R02262,0.22207096
R02263,0.3086798
R02264,0.19351695
R02265,0.22461346
R02266,0.1240731
R02267,0.19205204
R02268,0.16657099
R02269,0.18183385
R02270,0.19428656
R02271,0.10026282
R02272,0.1650188
R02273,0.14123005
R02274,0.20409542
R02275,0.25115946
R02276,0.13997068
R02277,0.12048334
R02278,0.23745868
R02279,0.20015433
R02280,0.30649424
R02281,0.2423612
R02282,0.1674983
R02283,0.22590995
R02284,0.12997282
R02285,0.18430908
R02286,0.22103512
R02287,0.23166892
R02288,0.17924108
R02289,0.27276385
R02290,0.23197258
R02291,0.19862163
R02292,0.22420046
R02293,0.23982506
R02294,0.19232842
R02295,0.25693113
R02296,0.18987742
R02297,0.14337394
R02298,0.21175799
R02299,0.2531476
R02300,0.16529939
R02301,0.115904115
R02302,0.15968437
R02303,0.25134218
R02304,0.18935436
R02305,0.19761682
R02306,0.13765031
R02307,0.19250585
R02308,0.22734325
R02309,0.23525831
R02310,0.20448443
R02311,0.26064882
R02312,0.13222611
R02313,0.2424944
R02314,0.21017715
R02315,0.1586414
R02316,0.24373254
R02317,0.19495508
R02318,0.24492775
R02319,0.26911005
R02320,0.27515176
R02321,0.20379323
R02322,0.16935429
R02323,0.1405973
R02324,0.22497262
R02325,0.22977102
R02326,0.1463007
R02327,0.25455582
R02328,0.20159356
R02329,0.15131462
R02330,0.17130426
R02331,0.16136661
R02332,0.13131283
R02333,0.1963073
R02334,0.21471402
R02335,0.20896384
R02336,0.2080942
R02337,0.18669687
R02338,0.23896375
R02339,0.1633073
R02340,0.1813448
R02341,0.161333
R02342,0.22696388
R02343,0.21544704
R02344,0.21502039
R02345,0.2084626
R02346,0.2741621
R02347,0.25536835
R02348,0.17234403
R02349,0.13934924
R02350,0.18984094
R02351,0.20961082
R02352,0.20487702
R02353,0.14568499
R02354,0.15313098
R02355,0.16263929
R02356,0.1812273
R02357,0.16614684
R02358,0.2174043
R02359,0.19765028
R02360,0.15103795
R02361,0.23599003
R02362,0.19157088
R02363,0.12484899
R02364,0.28756553
R02365,0.22538729
R02366,0.16031992
R02367,0.23265882
R02368,0.20307192
R02369,0.15906338
R02370,0.12443374
R02371,0.11222119
R02372,0.23807324
R02373,0.22144595
R02374,0.16490449
R02375,0.23196705
R02376,0.28055787
R02377,0.21275571
R02378,0.20170996
R02379,0.22140673
R02380,0.2702933
R02381,0.16572157
R02382,0.19754374
R02383,0.18618676
R02384,0.21317995
R02385,0.12262006
R02386,0.19974044
R02387,0.1336382
R02388,0.27215236
R02389,0.16123426
R02390,0.28128517
R02391,0.17346177
R02392,0.23492545
R02393,0.17302597
R02394,0.202102
R02395,0.25114286
R02396,0.17204975
R02397,0.174357
R02398,0.25833887
R02399,0.2880454
R02400,0.17916203
R02401,0.189946
R02402,0.18487775
R02403,0.19559948
R02404,0.21343054
R02405,0.13856587
R02406,0.27173746
R02407,0.19134371
R02408,0.2669264
R02409,0.15391883
R02410,0.28277344
R02411,0.23025234
R02412,0.22525162
R02413,0.23720616
R02414,0.15364578
R02415,0.113898456
R02416,0.15693495
R02417,0.17805743
R02418,0.14304496
R02419,0.1692121
R02420,0.25678357
R02421,0.20259401
R02422,0.19627908
R02423,0.1984857
R02424,0.21915348
R02425,0.18962827
R02426,0.16633272
R02427,0.1408328
R02428,0.17465694
R02429,0.105299994
R02430,0.23618604
R02431,0.20139802
R02432,0.15570365
R02433,0.22937098
R02434,0.15112874
R02435,0.29337436
R02436,0.23781678
R02437,0.26515815
R02438,0.1825883
R02439,0.13944392
R02440,0.21797676
R02441,0.1924719
R02442,0.15422773
R02443,0.24384871
R02444,0.18425864
R02445,0.26368964
R02446,0.21898183
R02447,0.110485055
R02448,0.20834328
R02449,0.112801835
R02450,0.15930685
R02451,0.16770275
R02452,0.2294649
R02453,0.2590902
R02454,0.14368331
R02455,0.25056714
R02456,0.24438156
R02457,0.11325502
R02458,0.15504238
R02459,0.23109677
R02460,0.1644691
R02461,0.22859466
R02462,0.2504356
R02463,0.21229845
R02464,0.20423487
R02465,0.3008138
R02466,0.2127385
R02467,0.24365355
R02468,0.2731186
R02469,0.22360376
R02470,0.15560317
R02471,0.27227178
R02472,0.2451331
R02473,0.22424729
R02474,0.19920686
R02475,0.21209899
R02476,0.22787526
R02477,0.27826494
R02478,0.1596151
R02479,0.27968556
R02480,0.121281095
R02481,0.25725764
R02482,0.21895018
R02483,0.23103283
R02484,0.31442648
R02485,0.26394218
R02486,0.21751079
R02487,0.21515742
R02488,0.21770197
R02489,0.2410458
R02490,0.30446577
R02491,0.15051907
R02492,0.20813413
R02493,0.23782766
R02494,0.21618585
R02495,0.3343225
R02496,0.1728793
R02497,0.1814097
R02498,0.21476367
R02499,0.20134181
R02500,0.15835588
R02501,0.13681754
R02502,0.21179141
R02503,0.21930772
R02504,0.24178718
R02505,0.2125824
R02506,0.18591765
R02507,0.24701877
R02508,0.20285739
R02509,0.16666138
R02510,0.2185298
R02511,0.21684897
R02512,0.14379397
R02513,0.14853653
R02514,0.20105949
R02515,0.19109091
R02516,0.25220668
R02517,0.21085659
R02518,0.20196328
R02519,0.14269014
R02520,0.29128346
R02521,0.30012888
R02522,0.121846266
R02523,0.17931351
R02524,0.17708108
R02525,0.220362
R02526,0.275792
R02527,0.16462056
R02528,0.13582966
R02529,0.28374097
R02530,0.2449136
R02531,0.17139308
R02532,0.27452427
R02533,0.21567631
R02534,0.17888372
R02535,0.17886373
R02536,0.26501727
R02537,0.2523218
R02538,0.22122967
R02539,0.26942176
R02540,0.18253803
R02541,0.18169968
R02542,0.25703984
R02543,0.23755318
R02544,0.17220762
R02545,0.15262935
R02546,0.22968137
R02547,0.19756734
R02548,0.23013686
R02549,0.2466957
R02550,0.2544812
R02551,0.2100124
R02552,0.25433558
R02553,0.21015023
R02554,0.26671284
R02555,0.24531502
R02556,0.21248627
R02557,0.14709875
R02558,0.17719395
R02559,0.2700422
R02560,0.13453089
R02561,0.23805751
R02562,0.19855544
R02563,0.251077
R02564,0.25760835
R02565,0.12843817
R02566,0.25741434
R02567,0.15058857
R02568,0.2166386
R02569,0.23482352
R02570,0.19522125
R02571,0.14125562
R02572,0.30166376
R02573,0.24427538
R02574,0.14607364
R02575,0.18911599
R02576,0.22577274
R02577,0.17434478
R02578,0.17817348
R02579,0.16500443
R02580,0.26051155
R02581,0.23007621
R02582,0.20157255
R02583,0.1974699
R02584,0.24765493
R02585,0.23874451
R02586,0.23435125
R02587,0.17918885
R02588,0.19111311
R02589,0.26834184
R02590,0.18495084
R02591,0.21414027
R02592,0.14944085
R02593,0.20884338
R02594,0.2703839
R02595,0.27399516
R02596,0.16714025
R02597,0.19524539
R02598,0.25405082
R02599,0.28324607
R02600,0.17630133
R02601,0.18821594
R02602,0.2011655
R02603,0.18973729
R02604,0.23473217
R02605,0.24105963
R02606,0.1339845
R02607,0.21238503
R02608,0.27325678
R02609,0.18838929
R02610,0.26203912
R02611,0.20503196
R02612,0.2613635
R02613,0.13712631
R02614,0.18095383
R02615,0.18170083
R02616,0.24262522
R02617,0.18867612
R02618,0.18082908
R02619,0.24465539
R02620,0.1785101
R02621,0.27073327
R02622,0.14978509
R02623,0.1374233
R02624,0.16253388
R02625,0.2435061
R02626,0.23890479
R02627,0.2353692
R02628,0.19149026
R02629,0.16934475
R02630,0.19559535
R02631,0.22664842
R02632,0.23141554
R02633,0.1755855
R02634,0.14105813
R02635,0.20614591
R02636,0.14107272
R02637,0.15431255
R02638,0.18580407
R02639,0.2300537
R02640,0.20050555
R02641,0.15074357
R02642,0.20825037
R02643,0.28135094
R02644,0.19881344
R02645,0.1280971
R02646,0.26814157
R02647,0.18811464
R02648,0.19987074
R02649,0.24244231
R02650,0.2440981
R02651,0.20042378
R02652,0.23176853
R02653,0.28971535
R02654,0.21492127
R02655,0.16752051
R02656,0.12578791
R02657,0.12703602
R02658,0.19960284
R02659,0.16997077
R02660,0.14687629
R02661,0.22968969
R02662,0.1578734
R02663,0.2002465
R02664,0.12551586
R02665,0.14184722
R02666,0.14566658
R02667,0.2723282
R02668,0.16041517
R02669,0.14001647
R02670,0.13268802
R02671,0.20307338
R02672,0.20227884
R02673,0.22413218
R02674,0.1874416
R02675,0.25515163
R02676,0.26889127
R02677,0.19952717
R02678,0.27925715
R02679,0.18729171
R02680,0.18601665
R02681,0.20732057
R02682,0.25832024
R02683,0.21395844
R02684,0.18570383
R02685,0.1473611
R02686,0.2561716
R02687,0.26830864
R02688,0.24645022
R02689,0.19509366
R02690,0.2599526
R02691,0.18757908
R02692,0.18531968
R02693,0.20844215
R02694,0.25427005
R02695,0.22184086
R02696,0.23576012
R02697,0.24088329
R02698,0.33101287
R02699,0.23125197
R02700,0.27734184
R02701,0.21756098
R02702,0.20123842
R02703,0.18501443
R02704,0.15921165
R02705,0.20120715
R02706,0.16798201
R02707,0.17547938
R02708,0.19552845
R02709,0.17283589
R02710,0.1366053
R02711,0.09891081
R02712,0.24970758
R02713,0.30974168
R02714,0.24215907
R02715,0.15352277
R02716,0.20747177
R02717,0.20227483
R02718,0.22782606
R02719,0.14873865
R02720,0.20429572
R02721,0.14844018
R02722,0.26148853
R02723,0.16326314
R02724,0.23089188
R02725,0.22555667
R02726,0.20125106
R02727,0.16431111
R02728,0.25635475
R02729,0.21983948
R02730,0.23208894
R02731,0.19120473
R02732,0.19603032
R02733,0.17262086
R02734,0.22666106
R02735,0.21548575
R02736,0.21605754
R02737,0.24813135
R02738,0.21569294
R02739,0.24300662
R02740,0.17643261
R02741,0.20016721
R02742,0.21368697
R02743,0.21162194
R02744,0.21264535
R02745,0.19982854
R02746,0.21474981
R02747,0.19485089
R02748,0.21646395
R02749,0.14976656
R02750,0.23475617
R02751,0.15217912
R02752,0.25929385
R02753,0.22675973
R02754,0.17303814
R02755,0.18519667
R02756,0.16167864
R02757,0.15785229
R02758,0.2488093
R02759,0.20243332
R02760,0.16402906
R02761,0.25760865
R02762,0.1613464
R02763,0.16162209
R02764,0.17385253
R02765,0.21487547
R02766,0.2941382
R02767,0.20975661
R02768,0.20632899
R02769,0.19250923
R02770,0.2884221
R02771,0.12294549
R02772,0.26041383
R02773,0.27258047
R02774,0.16650128
R02775,0.14942749
R02776,0.16902336
R02777,0.18563029
R02778,0.14253773
R02779,0.32444143
R02780,0.139456
R02781,0.29142052
R02782,0.24794537
R02783,0.22687492
R02784,0.27668592
R02785,0.24951565
R02786,0.222799
R02787,0.23017962
R02788,0.20120382
R02789,0.17720616
R02790,0.1488615
R02791,0.25606266
R02792,0.22014727
R02793,0.14056236
R02794,0.25551534
R02795,0.13920736
R02796,0.18246658
R02797,0.18086721
R02798,0.15595694
R02799,0.14434513
R02800,0.16351941
R02801,0.14125156
R02802,0.23175505
R02803,0.20769477
R02804,0.21550468
R02805,0.26324084
R02806,0.1422244
R02807,0.181817
R02808,0.17094174
R02809,0.24226531
R02810,0.2065449
R02811,0.19184163
R02812,0.19150235
R02813,0.19012073
R02814,0.2233757
R02815,0.17331666
R02816,0.16622555
R02817,0.17438427
R02818,0.15217447
R02819,0.25256783
R02820,0.18603072
R02821,0.3170932
R02822,0.1236978
R02823,0.20554966
R02824,0.21060432
R02825,0.22210225
R02826,0.21362504
R02827,0.17115366
R02828,0.17225283
R02829,0.1611681
R02830,0.14402473
R02831,0.27559543
R02832,0.21512485
R02833,0.18633279
R02834,0.18994792
R02835,0.107777104
R02836,0.24878208
R02837,0.23985519
R02838,0.26701146
R02839,0.16832577
R02840,0.16608256
R02841,0.19046009
R02842,0.18751289
R02843,0.2515831
R02844,0.12232459
R02845,0.27436677
R02846,0.24180247
R02847,0.13493241
R02848,0.17394121
R02849,0.15238321
R02850,0.18527548
R02851,0.20407194
R02852,0.2223984
R02853,0.19056825
R02854,0.114592925
R02855,0.16326392
R02856,0.15459186
R02857,0.15391842
R02858,0.15923518
R02859,0.26442254
R02860,0.1640965
R02861,0.22898257
R02862,0.18527117
R02863,0.19036686
R02864,0.26682055
R02865,0.29606566
R02866,0.14893353
R02867,0.15196249
R02868,0.22249597
R02869,0.14493485
R02870,0.16632742
R02871,0.2682508
R02872,0.13813981
R02873,0.16723698
R02874,0.1572504
R02875,0.19989744
R02876,0.15138936
R02877,0.21033414
R02878,0.23717988
R02879,0.16817167
R02880,0.17307171
R02881,0.21442157
R02882,0.27097973
R02883,0.1711627
R02884,0.23289284
R02885,0.2613439
R02886,0.26959804
R02887,0.23407573
R02888,0.16534822
R02889,0.27443227
R02890,0.1689486
R02891,0.25542545
R02892,0.21527511
R02893,0.18570697
R02894,0.19370042
R02895,0.17741722
R02896,0.1886301
R02897,0.18650009
R02898,0.13189262
R02899,0.23891917
R02900,0.14981748
R02901,0.20219617
R02902,0.21973401
R02903,0.2677313
R02904,0.2835824
R02905,0.27677304
R02906,0.11739226
R02907,0.217028
R02908,0.20195365
R02909,0.2335315
R02910,0.14231658
R02911,0.13867477
R02912,0.18214609
R02913,0.21144792
R02914,0.25849655
R02915,0.13475934
R02916,0.23059106
R02917,0.25864345
R02918,0.23199601
R02919,0.13166334
R02920,0.19997242
R02921,0.2894516
R02922,0.18011397
R02923,0.11414067
R02924,0.23215659
R02925,0.19692501
R02926,0.114869386
R02927,0.18826833
R02928,0.20190865
R02929,0.23762776
R02930,0.23832026
R02931,0.29065508
R02932,0.24047282
R02933,0.19030176
R02934,0.16543691
R02935,0.25620157
R02936,0.19557083
R02937,0.20042187
R02938,0.26760375
R02939,0.15713392
R02940,0.23682766
R02941,0.2512228
R02942,0.15852056
R02943,0.204333
R02944,0.16725138
R02945,0.25321615
R02946,0.1640594
R02947,0.2484523
R02948,0.15247938
R02949,0.1564357
R02950,0.19682519
R02951,0.25922894
R02952,0.24145445
R02953,0.26769787
R02954,0.31246874
R02955,0.25927675
R02956,0.20175347
R02957,0.13132542
R02958,0.21512187
R02959,0.19236557
R02960,0.17567492
R02961,0.21944818
R02962,0.10699192
R02963,0.21828303
R02964,0.16629553
R02965,0.16159979
R02966,0.24204634
R02967,0.17032036
R02968,0.1774726
R02969,0.1851949
R02970,0.1545049
R02971,0.16287273
R02972,0.25897157
R02973,0.26013333
R02974,0.21247637
R02975,0.23245844
R02976,0.15956628
R02977,0.33444625
R02978,0.1938054
R02979,0.2042779
R02980,0.1813938
R02981,0.27144304
R02982,0.2261292
R02983,0.15798862
R02984,0.14811479
R02985,0.24183841
R02986,0.23417467
R02987,0.11233316
R02988,0.18277778
R02989,0.21093348
R02990,0.14748135
R02991,0.21403268
R02992,0.19585392
R02993,0.17776021
R02994,0.20266363
R02995,0.21525265
R02996,0.1520044
R02997,0.23469642
R02998,0.13369127
R02999,0.28945115
R03000,0.15471648
R03001,0.24916792
R03002,0.22518659
R03003,0.238955
R03004,0.253003
R03005,0.20944121
R03006,0.11671673
R03007,0.123665534
R03008,0.19713292
R03009,0.19928253
R03010,0.22136882
R03011,0.123389095
R03012,0.2032903
R03013,0.24301076
R03014,0.14832872
R03015,0.1790534
R03016,0.18982786
R03017,0.24896406
R03018,0.30371684
R03019,0.20646375
R03020,0.26809245
R03021,0.19784984
R03022,0.1754049
R03023,0.22271723
R03024,0.19782835
R03025,0.16850656
R03026,0.21638514
R03027,0.22476164
R03028,0.2507398
R03029,0.290835
R03030,0.17900392
R03031,0.1650702
R03032,0.19434333
R03033,0.24826908
R03034,0.13543046
R03035,0.2168284
R03036,0.20055653
R03037,0.19734463
R03038,0.20201932
R03039,0.25962684
R03040,0.17028359
R03041,0.1905351
R03042,0.16026655
R03043,0.25739503
R03044,0.18914829
R03045,0.1935822
R03046,0.2450421
R03047,0.13106948
R03048,0.2525635
R03049,0.19955985
R03050,0.20658787
R03051,0.21465252
R03052,0.16177797
R03053,0.24134412
R03054,0.24586606
R03055,0.21999589
R03056,0.27145955
R03057,0.25589722
R03058,0.1414081
R03059,0.21851164
R03060,0.14812484
R03061,0.16177806
R03062,0.21812503
R03063,0.28076315
R03064,0.19838424
R03065,0.21177909
R03066,0.13178353
R03067,0.2370325
R03068,0.26495874
R03069,0.27473366
R03070,0.18388203
R03071,0.2615553
R03072,0.21784167
R03073,0.1503837
R03074,0.17602926
R03075,0.22812976
R03076,0.18469715
R03077,0.23624305
R03078,0.115818135
R03079,0.28913686
R03080,0.24206007
R03081,0.21388754
R03082,0.26234522
R03083,0.19913858
R03084,0.16378269
R03085,0.21785547
R03086,0.15510236
R03087,0.18585771
R03088,0.17129192
R03089,0.21672194
R03090,0.2245974
R03091,0.17363587
R03092,0.21579549
R03093,0.27196854
R03094,0.18846875
R03095,0.15877968
R03096,0.14380558
R03097,0.15161708
R03098,0.28021485
R03099,0.18171021
R03100,0.17930913
R03101,0.19461182
R03102,0.33343357
R03103,0.30391854
R03104,0.24761955
R03105,0.1714287
R03106,0.16483483
R03107,0.13699985
R03108,0.18963844
R03109,0.18169335
R03110,0.18486983
R03111,0.3133021
R03112,0.17869331
R03113,0.24197185
R03114,0.30957416
R03115,0.121158935
R03116,0.23966388
R03117,0.2645105
R03118,0.239507
R03119,0.16275421
R03120,0.21712498
R03121,0.30299455
R03122,0.21925443
R03123,0.12617162
R03124,0.20836093
R03125,0.12697977
R03126,0.20624697
R03127,0.21239114
R03128,0.16027918
R03129,0.19445881
R03130,0.155411
R03131,0.24208628
R03132,0.22660297
R03133,0.15466733
R03134,0.16058859
R03135,0.29572085
R03136,0.21784396
R03137,0.26131597
R03138,0.29701015
R03139,0.25120902
R03140,0.2662636
R03141,0.2090329
R03142,0.2895655
R03143,0.16797306
R03144,0.18743008
R03145,0.17247063
R03146,0.26595747
R03147,0.17593002
R03148,0.16804329
R03149,0.14978135
R03150,0.20554224
R03151,0.23301366
R03152,0.13768353
R03153,0.1486693
R03154,0.22119284
R03155,0.1359672
R03156,0.18109494
R03157,0.12322745
R03158,0.18361859
R03159,0.2166555
R03160,0.24177785
R03161,0.29815614
R03162,0.15793797
R03163,0.1616419
R03164,0.27085912
R03165,0.14321291
R03166,0.16722181
R03167,0.21209067
R03168,0.2291213
R03169,0.1896641
R03170,0.21544677
R03171,0.18006104
R03172,0.20993349
R03173,0.16018644
R03174,0.25875252
R03175,0.25906053
R03176,0.2489501
R03177,0.2547757
R03178,0.18677232
R03179,0.19357622
R03180,0.21602876
R03181,0.20230505
R03182,0.19915229
R03183,0.23895675
R03184,0.2487465
R03185,0.24160787
R03186,0.16793758
R03187,0.22090635
R03188,0.117881924
R03189,0.16956437
R03190,0.2543282
R03191,0.21747535
R03192,0.21792953
R03193,0.19529682
R03194,0.23949933
R03195,0.23019624
R03196,0.20036507
R03197,0.14424923
R03198,0.26475286
R03199,0.18430573
R03200,0.17439768
R03201,0.22487107
R03202,0.13866995
R03203,0.15857431
R03204,0.1931094
R03205,0.20514816
R03206,0.2641067
R03207,0.1512666
R03208,0.20288083
R03209,0.12626436
R03210,0.17706588
R03211,0.22785848
R03212,0.14737082
R03213,0.19755532
R03214,0.16605246
R03215,0.17781031
R03216,0.09940185
R03217,0.22661683
R03218,0.12495908
R03219,0.19085644
R03220,0.20022123
R03221,0.19771561
R03222,0.26566204
R03223,0.23287366
R03224,0.26065484
R03225,0.18892677
R03226,0.18474765
R03227,0.13811585
R03228,0.23483966
R03229,0.26023465
R03230,0.20931369
R03231,0.17684996
R03232,0.19418877
R03233,0.2287786
R03234,0.10487196
R03235,0.20116502
R03236,0.21291423
R03237,0.17304589
R03238,0.16286844
R03239,0.17412066
R03240,0.2638268
R03241,0.19869837
R03242,0.32707554
R03243,0.2363258
R03244,0.19081974
R03245,0.1536423
R03246,0.11220682
R03247,0.23545377
R03248,0.12398301
R03249,0.23822762
R03250,0.19039823
R03251,0.13850784
R03252,0.18909302
R03253,0.24809492
R03254,0.16466828
R03255,0.20541
R03256,0.15297455
R03257,0.24751745
R03258,0.22153565
R03259,0.2677825
R03260,0.24205142
R03261,0.23894195
R03262,0.22379127
R03263,0.25129306
R03264,0.1983327
R03265,0.19462763
R03266,0.2431921
R03267,0.19295906
R03268,0.2764145
R03269,0.24654216
R03270,0.26263255
R03271,0.15676507
R03272,0.120932296
R03273,0.12127717
R03274,0.21844897
R03275,0.22460844
R03276,0.1964092
R03277,0.15780565
R03278,0.14582506
R03279,0.24865344
R03280,0.21208093
R03281,0.1815112
R03282,0.17867073
R03283,0.1610745
R03284,0.19089453
R03285,0.20793974
R03286,0.19744828
R03287,0.23486325
R03288,0.22399653
R03289,0.10012942
R03290,0.18314207
R03291,0.19302547
R03292,0.19775158
R03293,0.26285237
R03294,0.20411807
R03295,0.19991824
R03296,0.162979
R03297,0.21868801
R03298,0.14676642
R03299,0.14510044
R03300,0.20256479
R03301,0.20415446
R03302,0.24028665
R03303,0.18967742
R03304,0.16023546
R03305,0.2884615
R03306,0.15745287
R03307,0.25749326
R03308,0.28782535
R03309,0.1434736
R03310,0.19100025
R03311,0.25371736
R03312,0.15186676
R03313,0.23468223
R03314,0.17052244
R03315,0.24374507
R03316,0.15737307
R03317,0.15613487
R03318,0.17349869
R03319,0.18714318
R03320,0.19111243
R03321,0.18884255
R03322,0.24165896
R03323,0.13789521
R03324,0.11578902
R03325,0.22781992
R03326,0.2323571
R03327,0.263828
R03328,0.17955825
R03329,0.23306453
R03330,0.20193386
R03331,0.22524242
R03332,0.20781118
R03333,0.23108983
R03334,0.15020564
R03335,0.19506916
R03336,0.19419143
R03337,0.22086804
R03338,0.18922678
R03339,0.15722674
R03340,0.117982216
R03341,0.15808442
R03342,0.22154534
R03343,0.27255636
R03344,0.16366376
R03345,0.29084265
R03346,0.23702453
R03347,0.18294455
R03348,0.2080865
