review_id,img_cnn_manip
R00001,0.25213825702667236
R00002,0.6154882907867432
R00003,0.22818776965141296
R00004,0.3567512631416321
R00005,0.1956794261932373
R00006,0.11097313463687897
R00007,0.3026815950870514
R00008,0.2374180108308792
R00009,0.3253501355648041
R00010,0.4058377742767334
R00011,0.11165745556354523
R00012,0.10229786485433578
R00013,0.3216087520122528
R00014,0.20196102559566498
R00015,0.986968457698822
R00016,0.3685075342655182
R00017,0.3307202458381653
R00018,0.4697439968585968
R00019,0.9816596508026123
R00020,0.08950605988502502
R00021,0.3198123872280121
R00022,0.2858002185821533
R00023,0.1168680489063263
R00024,0.38016408681869507
R00025,0.5563077926635742
R00026,0.9490039348602295
R00027,0.24027426540851593
R00028,0.11232882738113403
R00029,0.5268856883049011
R00030,0.20846909284591675
R00031,0.3357864022254944
R00032,0.20824924111366272
R00033,0.5450250506401062
R00034,0.14754021167755127
R00035,0.4539763331413269
R00036,0.36068302392959595
R00037,0.383918821811676
R00038,0.2386566698551178
R00039,0.1635250449180603
R00040,0.40804606676101685
R00041,0.648545503616333
R00042,0.3079504072666168
R00043,0.5204872488975525
R00044,0.0977475494146347
R00045,0.23286008834838867
R00046,0.13105300068855286
R00047,0.27234846353530884
R00048,0.1105172410607338
R00049,0.147775799036026
R00050,0.21162310242652893
R00051,0.6059045791625977
R00052,0.30736979842185974
R00053,0.279558002948761
R00054,0.16414901614189148
R00055,0.8141664862632751
R00056,0.45622751116752625
R00057,0.6856114864349365
R00058,0.4600602686405182
R00059,0.20215672254562378
R00060,0.1700339913368225
R00061,0.09623914957046509
R00062,0.15982764959335327
R00063,0.2287779152393341
R00064,0.1265213042497635
R00065,0.7038813829421997
R00066,0.3345930576324463
R00067,0.21522310376167297
R00068,0.11184022575616837
R00069,0.24625471234321594
R00070,0.10230086743831635
R00071,0.19561056792736053
R00072,0.6771194934844971
R00073,0.5566500425338745
R00074,0.24522806704044342
R00075,0.27942219376564026
R00076,0.0978359654545784
R00077,0.24067769944667816
R00078,0.09982900321483612
R00079,0.16655102372169495
R00080,0.6416176557540894
R00081,0.2835102379322052
R00082,0.0869605541229248
R00083,0.3215376138687134
R00084,0.33889681100845337
R00085,0.19676001369953156
R00086,0.4767557382583618
R00087,0.506952166557312
R00088,0.22939728200435638
R00089,0.0979345291852951
R00090,0.9860835671424866
R00091,0.06871379911899567
R00092,0.4492517113685608
R00093,0.37838229537010193
R00094,0.23178282380104065
R00095,0.38002392649650574
R00096,0.42799925804138184
R00097,0.3127612769603729
R00098,0.1349899172782898
R00099,0.16945384442806244
R00100,0.4794626832008362
R00101,0.1047588512301445
R00102,0.13603182137012482
R00103,0.42818397283554077
R00104,0.0738372653722763
R00105,0.46551960706710815
R00106,0.1485283076763153
R00107,0.1849880814552307
R00108,0.4606749415397644
R00109,0.4410586357116699
R00110,0.3649146258831024
R00111,0.21545372903347015
R00112,0.10273606330156326
R00113,0.1381261944770813
R00114,0.9010246992111206
R00115,0.32420986890792847
R00116,0.2807566821575165
R00117,0.09583750367164612
R00118,0.32388806343078613
R00119,0.22600527107715607
R00120,0.2289072871208191
R00121,0.08635817468166351
R00122,0.9066321849822998
R00123,0.7732242941856384
R00124,0.12322048097848892
R00125,0.05945971980690956
R00126,0.2979411482810974
R00127,0.25872325897216797
R00128,0.5041717886924744
R00129,0.17018137872219086
R00130,0.8620238900184631
R00131,0.13089300692081451
R00132,0.7337217330932617
R00133,0.5062782764434814
R00134,0.11340604722499847
R00135,0.5682166218757629
R00136,0.20895519852638245
R00137,0.3716195225715637
R00138,0.9856282472610474
R00139,0.12884725630283356
R00140,0.0876113697886467
R00141,0.2166975736618042
R00142,0.17403075098991394
R00143,0.8379765748977661
R00144,0.1588616669178009
R00145,0.6704251170158386
R00146,0.35154661536216736
R00147,0.06866591423749924
R00148,0.23491528630256653
R00149,0.3124619126319885
R00150,0.5233234763145447
R00151,0.9345263242721558
R00152,0.17484016716480255
R00153,0.0774926245212555
R00154,0.23065480589866638
R00155,0.1202404722571373
R00156,0.2684403657913208
R00157,0.9759552478790283
R00158,0.3073233664035797
R00159,0.4095616340637207
R00160,0.720665693283081
R00161,0.46227890253067017
R00162,0.14160031080245972
R00163,0.25979283452033997
R00164,0.16268689930438995
R00165,0.07574876397848129
R00166,0.09300456941127777
R00167,0.26834410429000854
R00168,0.18673312664031982
R00169,0.13362669944763184
R00170,0.10961215943098068
R00171,0.34801608324050903
R00172,0.4410449266433716
R00173,0.3279431462287903
R00174,0.17256328463554382
R00175,0.427605539560318
R00176,0.07357338070869446
R00177,0.1545771211385727
R00178,0.09478159248828888
R00179,0.3346443772315979
R00180,0.424960196018219
R00181,0.4773147702217102
R00182,0.15998077392578125
R00183,0.2357199639081955
R00184,0.848093569278717
R00185,0.08900946378707886
R00186,0.3007515072822571
R00187,0.21824312210083008
R00188,0.14502055943012238
R00189,0.3314908742904663
R00190,0.20833280682563782
R00191,0.999566912651062
R00192,0.7995917201042175
R00193,0.15348386764526367
R00194,0.4324779808521271
R00195,0.1253897249698639
R00196,0.2621234953403473
R00197,0.2044387012720108
R00198,0.6490349173545837
R00199,0.21147210896015167
R00200,0.3626469075679779
R00201,0.21605616807937622
R00202,0.18849551677703857
R00203,0.9133093357086182
R00204,0.4896121621131897
R00205,0.5889459848403931
R00206,0.3517388701438904
R00207,0.49261361360549927
R00208,0.49732887744903564
R00209,0.29664385318756104
R00210,0.673663854598999
R00211,0.8445485830307007
R00212,0.07332786917686462
R00213,0.5294579267501831
R00214,0.4836372137069702
R00215,0.11215484142303467
R00216,0.9829574823379517
R00217,0.12653833627700806
R00218,0.5762625932693481
R00219,0.42575719952583313
R00220,0.21550360321998596
R00221,0.1501237004995346
R00222,0.43971559405326843
R00223,0.17186851799488068
R00224,0.3616507947444916
R00225,0.9920010566711426
R00226,0.4472372531890869
R00227,0.0720762312412262
R00228,0.5073585510253906
R00229,0.7623845338821411
R00230,0.5614497661590576
R00231,0.6722686290740967
R00232,0.34992626309394836
R00233,0.07290736585855484
R00234,0.2073911428451538
R00235,0.9205910563468933
R00236,0.2288752794265747
R00237,0.165849506855011
R00238,0.17105732858181
R00239,0.9178722500801086
R00240,0.05784013122320175
R00241,0.18394918739795685
R00242,0.25993165373802185
R00243,0.48911258578300476
R00244,0.16686813533306122
R00245,0.40645551681518555
R00246,0.9098697304725647
R00247,0.29224565625190735
R00248,0.42702484130859375
R00249,0.22189295291900635
R00250,0.646141529083252
R00251,0.1909153163433075
R00252,0.17530807852745056
R00253,0.22018206119537354
R00254,0.3072981834411621
R00255,0.48713773488998413
R00256,0.11426869034767151
R00257,0.06837897002696991
R00258,0.05092504620552063
R00259,0.17841856181621552
R00260,0.4576125741004944
R00261,0.08885873109102249
R00262,0.10546416789293289
R00263,0.1400531828403473
R00264,0.1871958076953888
R00265,0.08108130842447281
R00266,0.4796547591686249
R00267,0.11076609045267105
R00268,0.4465240240097046
R00269,0.4178200960159302
R00270,0.6386500597000122
R00271,0.13199569284915924
R00272,0.19230037927627563
R00273,0.3268212676048279
R00274,0.3332332968711853
R00275,0.36491918563842773
R00276,0.22660735249519348
R00277,0.357269823551178
R00278,0.09003918617963791
R00279,0.32134243845939636
R00280,0.3572480082511902
R00281,0.597931981086731
R00282,0.19343572854995728
R00283,0.6715285181999207
R00284,0.4676874876022339
R00285,0.8351036906242371
R00286,0.6185135841369629
R00287,0.4852268397808075
R00288,0.4831310510635376
R00289,0.2737104296684265
R00290,0.40390658378601074
R00291,0.8283910155296326
R00292,0.18694612383842468
R00293,0.31246495246887207
R00294,0.14092251658439636
R00295,0.7177329063415527
R00296,0.30311569571495056
R00297,0.13708141446113586
R00298,0.5117508172988892
R00299,0.30933475494384766
R00300,0.09638240933418274
R00301,0.9493176341056824
R00302,0.32827818393707275
R00303,0.22599603235721588
R00304,0.08598234504461288
R00305,0.41812852025032043
R00306,0.2589585483074188
R00307,0.9979116916656494
R00308,0.28818851709365845
R00309,0.19907183945178986
R00310,0.09128455817699432
R00311,0.36445242166519165
R00312,0.6342371702194214
R00313,0.18117856979370117
R00314,0.25508609414100647
R00315,0.8291240334510803
R00316,0.7207441329956055
R00317,0.13212470710277557
R00318,0.12415851652622223
R00319,0.9863598346710205
R00320,0.7699612379074097
R00321,0.318676620721817
R00322,0.23085853457450867
R00323,0.25952616333961487
R00324,0.27668297290802
R00325,0.27165213227272034
R00326,0.2409953474998474
R00327,0.4020839333534241
R00328,0.5533447861671448
R00329,0.9994862079620361
R00330,0.5093514919281006
R00331,0.09059858322143555
R00332,0.2897905707359314
R00333,0.29741787910461426
R00334,0.29317164421081543
R00335,0.40204131603240967
R00336,0.4319494366645813
R00337,0.7739132046699524
R00338,0.11473334580659866
R00339,0.07679157704114914
R00340,0.5576665997505188
R00341,0.2944919168949127
R00342,0.07240203022956848
R00343,0.12764383852481842
R00344,0.7824326753616333
R00345,0.348460853099823
R00346,0.04195798188447952
R00347,0.11074599623680115
R00348,0.8973778486251831
R00349,0.46787029504776
R00350,0.16928303241729736
R00351,0.3035821318626404
R00352,0.7491639852523804
R00353,0.16060689091682434
R00354,0.48546433448791504
R00355,0.9554640054702759
R00356,0.9048848152160645
R00357,0.08732388913631439
R00358,0.24210047721862793
R00359,0.22268372774124146
R00360,0.1474628895521164
R00361,0.7822105288505554
R00362,0.26507630944252014
R00363,0.5170562863349915
R00364,0.16329725086688995
R00365,0.2916285991668701
R00366,0.24566441774368286
R00367,0.09775747358798981
R00368,0.4223632514476776
R00369,0.9787459373474121
R00370,0.19688421487808228
R00371,0.11072222888469696
R00372,0.3259233832359314
R00373,0.12735919654369354
R00374,0.4582807421684265
R00375,0.44927117228507996
R00376,0.5651987791061401
R00377,0.1641501486301422
R00378,0.9968050718307495
R00379,0.14093425869941711
R00380,0.08477508276700974
R00381,0.3787631392478943
R00382,0.2570713460445404
R00383,0.10871469229459763
R00384,0.2814705967903137
R00385,0.6350713968276978
R00386,0.29361382126808167
R00387,0.24500000476837158
R00388,0.6762599945068359
R00389,0.3130197823047638
R00390,0.23114152252674103
R00391,0.22395725548267365
R00392,0.4746514558792114
R00393,0.8560959696769714
R00394,0.19843041896820068
R00395,0.5240775346755981
R00396,0.30041658878326416
R00397,0.43562138080596924
R00398,0.23723426461219788
R00399,0.23034347593784332
R00400,0.07638896256685257
R00401,0.8014477491378784
R00402,0.34586113691329956
R00403,0.34827715158462524
R00404,0.2207469344139099
R00405,0.620226263999939
R00406,0.3312673568725586
R00407,0.9662677049636841
R00408,0.8100566267967224
R00409,0.5389758348464966
R00410,0.546116292476654
R00411,0.057774607092142105
R00412,0.1227232813835144
R00413,0.2562842071056366
R00414,0.13164930045604706
R00415,0.18770092725753784
R00416,0.4164874255657196
R00417,0.11200026422739029
R00418,0.29895660281181335
R00419,0.0825992003083229
R00420,0.6231585741043091
R00421,0.22081616520881653
R00422,0.11457088589668274
R00423,0.08456548303365707
R00424,0.7962249517440796
R00425,0.539700984954834
R00426,0.2578914165496826
R00427,0.4048367738723755
R00428,0.475896418094635
R00429,0.3044250011444092
R00430,0.1927194744348526
R00431,0.07509209215641022
R00432,0.2682933211326599
R00433,0.31619495153427124
R00434,0.681120753288269
R00435,0.13666945695877075
R00436,0.43721526861190796
R00437,0.20947417616844177
R00438,0.6303026676177979
R00439,0.15116886794567108
R00440,0.26394593715667725
R00441,0.2996698319911957
R00442,0.7178174257278442
R00443,0.8642327189445496
R00444,0.15592175722122192
R00445,0.9345195293426514
R00446,0.18871308863162994
R00447,0.1373814046382904
R00448,0.1640792191028595
R00449,0.931053876876831
R00450,0.19455809891223907
R00451,0.1234617754817009
R00452,0.15081799030303955
R00453,0.5830423831939697
R00454,0.3202672004699707
R00455,0.3353034555912018
R00456,0.9996433258056641
R00457,0.4527829885482788
R00458,0.1970670521259308
R00459,0.766618549823761
R00460,0.21755234897136688
R00461,0.25938111543655396
R00462,0.18750593066215515
R00463,0.18702632188796997
R00464,0.3485802412033081
R00465,0.2866131663322449
R00466,0.9866976737976074
R00467,0.124577596783638
R00468,0.18136738240718842
R00469,0.31655412912368774
R00470,0.23059210181236267
R00471,0.20371216535568237
R00472,0.9952682256698608
R00473,0.7926527261734009
R00474,0.9962652325630188
R00475,0.17365089058876038
R00476,0.1615767925977707
R00477,0.27903294563293457
R00478,0.4979362487792969
R00479,0.2475978136062622
R00480,0.18588708341121674
R00481,0.25458917021751404
R00482,0.318363219499588
R00483,0.82085120677948
R00484,0.0612911731004715
R00485,0.4315672814846039
R00486,0.09681380540132523
R00487,0.08858053386211395
R00488,0.06241641938686371
R00489,0.49119579792022705
R00490,0.06876084208488464
R00491,0.11148489266633987
R00492,0.2997346520423889
R00493,0.37829893827438354
R00494,0.0659211054444313
R00495,0.1116386130452156
R00496,0.4694599509239197
R00497,0.07683295756578445
R00498,0.22038519382476807
R00499,0.9563125371932983
R00500,0.9021938443183899
R00501,0.4685536026954651
R00502,0.5910011529922485
R00503,0.2940169870853424
R00504,0.10071779042482376
R00505,0.3795720040798187
R00506,0.19541427493095398
R00507,0.9980607628822327
R00508,0.4494296610355377
R00509,0.45560094714164734
R00510,0.1995570808649063
R00511,0.7145946621894836
R00512,0.2317638099193573
R00513,0.4598199725151062
R00514,0.23347555100917816
R00515,0.2940480709075928
R00516,0.09872234612703323
R00517,0.18026405572891235
R00518,0.22904124855995178
R00519,0.7575457692146301
R00520,0.3563149571418762
R00521,0.11535550653934479
R00522,0.09926556050777435
R00523,0.16836078464984894
R00524,0.12713095545768738
R00525,0.7257500290870667
R00526,0.4522320032119751
R00527,0.5670763254165649
R00528,0.13210450112819672
R00529,0.4287612736225128
R00530,0.2838660478591919
R00531,0.4318690001964569
R00532,0.10521206259727478
R00533,0.8748024106025696
R00534,0.13361242413520813
R00535,0.11099080741405487
R00536,0.1841149926185608
R00537,0.34030014276504517
R00538,0.07095922529697418
R00539,0.49981021881103516
R00540,0.11778479069471359
R00541,0.1917310655117035
R00542,0.5421241521835327
R00543,0.07223159074783325
R00544,0.3235320448875427
R00545,0.5867818593978882
R00546,0.08690770715475082
R00547,0.08561157435178757
R00548,0.18708717823028564
R00549,0.42507728934288025
R00550,0.3150470554828644
R00551,0.2136431336402893
R00552,0.11095071583986282
R00553,0.8396514654159546
R00554,0.3649943768978119
R00555,0.09119388461112976
R00556,0.3170076608657837
R00557,0.381597101688385
R00558,0.20185969769954681
R00559,0.07710572332143784
R00560,0.3077969551086426
R00561,0.2511286735534668
R00562,0.0683688297867775
R00563,0.10488840937614441
R00564,0.05370490998029709
R00565,0.43135586380958557
R00566,0.27398160099983215
R00567,0.41819924116134644
R00568,0.2365221232175827
R00569,0.43060243129730225
R00570,0.04072720184922218
R00571,0.5703108310699463
R00572,0.3311641216278076
R00573,0.066044881939888
R00574,0.917211651802063
R00575,0.15839883685112
R00576,0.684996485710144
R00577,0.18573403358459473
R00578,0.4147530496120453
R00579,0.31859150528907776
R00580,0.3415370583534241
R00581,0.14167310297489166
R00582,0.09038307517766953
R00583,0.3152502477169037
R00584,0.10098248720169067
R00585,0.07022325694561005
R00586,0.1455772966146469
R00587,0.5724970102310181
R00588,0.23951980471611023
R00589,0.6383336782455444
R00590,0.8480085134506226
R00591,0.20705774426460266
R00592,0.09313423931598663
R00593,0.4535979628562927
R00594,0.2551649808883667
R00595,0.4420053958892822
R00596,0.050582967698574066
R00597,0.9999877214431763
R00598,0.12500901520252228
R00599,0.13811227679252625
R00600,0.23147423565387726
R00601,0.10887411236763
R00602,0.16577205061912537
R00603,0.4076169729232788
R00604,0.6526859998703003
R00605,0.11354489624500275
R00606,0.3931640386581421
R00607,0.2085956335067749
R00608,0.46522068977355957
R00609,0.18890446424484253
R00610,0.09832687675952911
R00611,0.08018253743648529
R00612,0.4688290059566498
R00613,0.24840359389781952
R00614,0.21142128109931946
R00615,0.20462673902511597
R00616,0.5245288610458374
R00617,0.3968140780925751
R00618,0.5036813020706177
R00619,0.06579820811748505
R00620,0.3088419437408447
R00621,0.3465970754623413
R00622,0.44129395484924316
R00623,0.45044422149658203
R00624,0.4059649407863617
R00625,0.3773733675479889
R00626,0.405915766954422
R00627,0.42380353808403015
R00628,0.27542197704315186
R00629,0.6969798803329468
R00630,0.3579733967781067
R00631,0.12969569861888885
R00632,0.08368195593357086
R00633,0.5491300821304321
R00634,0.42174261808395386
R00635,0.2628396451473236
R00636,0.35682788491249084
R00637,0.12718315422534943
R00638,0.37378114461898804
R00639,0.5566120147705078
R00640,0.1909046173095703
R00641,0.1845000833272934
R00642,0.24137869477272034
R00643,0.07426002621650696
R00644,0.23133257031440735
R00645,0.12528309226036072
R00646,0.20188283920288086
R00647,0.23732343316078186
R00648,0.9284215569496155
R00649,0.2502778470516205
R00650,0.49203938245773315
R00651,0.17492051422595978
R00652,0.38526856899261475
R00653,0.10293678939342499
R00654,0.07828885316848755
R00655,0.18680237233638763
R00656,0.9909287095069885
R00657,0.17495602369308472
R00658,0.12935353815555573
R00659,0.9961832761764526
R00660,0.5059478282928467
R00661,0.17147265374660492
R00662,0.13265372812747955
R00663,0.27721890807151794
R00664,0.10883982479572296
R00665,0.23972174525260925
R00666,0.6470788717269897
R00667,0.5944143533706665
R00668,0.16603370010852814
R00669,0.4251486361026764
R00670,0.4075438976287842
R00671,0.1484617441892624
R00672,0.5848325490951538
R00673,0.3204159140586853
R00674,0.05282449349761009
R00675,0.9350824952125549
R00676,0.24094119668006897
R00677,0.47709983587265015
R00678,0.59975266456604
R00679,0.07655033469200134
R00680,0.7978354096412659
R00681,0.13136154413223267
R00682,0.21102526783943176
R00683,0.159207284450531
R00684,0.13911913335323334
R00685,0.20647214353084564
R00686,0.07358625531196594
R00687,0.19130563735961914
R00688,0.09897134453058243
R00689,0.37704458832740784
R00690,0.18061965703964233
R00691,0.10868902504444122
R00692,0.35051319003105164
R00693,0.3785068392753601
R00694,0.7658379673957825
R00695,0.2483094334602356
R00696,0.18228626251220703
R00697,0.07759496569633484
R00698,0.40071702003479004
R00699,0.23779156804084778
R00700,0.5140507817268372
R00701,0.19635239243507385
R00702,0.3319692611694336
R00703,0.16783927381038666
R00704,0.2640307545661926
R00705,0.7188023328781128
R00706,0.1213759183883667
R00707,0.6352193355560303
R00708,0.9995062947273254
R00709,0.0961509570479393
R00710,0.2218092381954193
R00711,0.47787195444107056
R00712,0.10271978378295898
R00713,0.2929498553276062
R00714,0.2794020473957062
R00715,0.5727056264877319
R00716,0.32537683844566345
R00717,0.19867977499961853
R00718,0.3841160833835602
R00719,0.1645938605070114
R00720,0.1411266326904297
R00721,0.5411891937255859
R00722,0.5977855324745178
R00723,0.12223829329013824
R00724,0.4672375023365021
R00725,0.06636788696050644
R00726,0.5027405023574829
R00727,0.5510465502738953
R00728,0.3050401210784912
R00729,0.21580171585083008
R00730,0.2249910831451416
R00731,0.23867101967334747
R00732,0.30172693729400635
R00733,0.044956035912036896
R00734,0.1926044225692749
R00735,0.18363825976848602
R00736,0.3045504093170166
R00737,0.9494672417640686
R00738,0.15757735073566437
R00739,0.22002357244491577
R00740,0.5233144760131836
R00741,0.0932014063000679
R00742,0.775321900844574
R00743,0.2108798325061798
R00744,0.15201327204704285
R00745,0.2546192407608032
R00746,0.16923505067825317
R00747,0.3383886516094208
R00748,0.1262667328119278
R00749,0.0563979335129261
R00750,0.5266335606575012
R00751,0.9006829261779785
R00752,0.07744389772415161
R00753,0.04774923250079155
R00754,0.25313109159469604
R00755,0.1897030472755432
R00756,0.11162736266851425
R00757,0.7168750762939453
R00758,0.20867452025413513
R00759,0.658065915107727
R00760,0.1936943531036377
R00761,0.1770624816417694
R00762,0.5553543567657471
R00763,0.15350297093391418
R00764,0.18333862721920013
R00765,0.8229600787162781
R00766,0.06968764215707779
R00767,0.37010934948921204
R00768,0.1424810141324997
R00769,0.3091858923435211
R00770,0.9053616523742676
R00771,0.07692243903875351
R00772,0.44642189145088196
R00773,0.139185830950737
R00774,0.23155586421489716
R00775,0.24960526823997498
R00776,0.141887828707695
R00777,0.09224648773670197
R00778,0.1584443598985672
R00779,0.7838021516799927
R00780,0.9841690063476562
R00781,0.4081871211528778
R00782,0.600767970085144
R00783,0.10405035316944122
R00784,0.12731029093265533
R00785,0.31376707553863525
R00786,0.21492718160152435
R00787,0.406621515750885
R00788,0.09863380342721939
R00789,0.11225396394729614
R00790,0.23910291492938995
R00791,0.17960619926452637
R00792,0.8530470132827759
R00793,0.35214531421661377
R00794,0.2830882966518402
R00795,0.5808740258216858
R00796,0.21724125742912292
R00797,0.08207977563142776
R00798,0.0823671892285347
R00799,0.10009349882602692
R00800,0.5385505557060242
R00801,0.4714880585670471
R00802,0.13108840584754944
R00803,0.19900383055210114
R00804,0.262229323387146
R00805,0.09550543129444122
R00806,0.31434693932533264
R00807,0.35538098216056824
R00808,0.24230143427848816
R00809,0.3313068747520447
R00810,0.9844078421592712
R00811,0.345683753490448
R00812,0.785720705986023
R00813,0.3881998360157013
R00814,0.9621706008911133
R00815,0.45129647850990295
R00816,0.5305740237236023
R00817,0.1239260882139206
R00818,0.3034899830818176
R00819,0.9542149305343628
R00820,0.08098982274532318
R00821,0.14857545495033264
R00822,0.977337121963501
R00823,0.6427966356277466
R00824,0.4460099935531616
R00825,0.6355305314064026
R00826,0.2917780876159668
R00827,0.1424894779920578
R00828,0.9767357707023621
R00829,0.41060125827789307
R00830,0.10994245111942291
R00831,0.19132739305496216
R00832,0.25029969215393066
R00833,0.45329779386520386
R00834,0.24145129323005676
R00835,0.2367885708808899
R00836,0.3948603570461273
R00837,0.38510987162590027
R00838,0.42132169008255005
R00839,0.1080319806933403
R00840,0.9537097215652466
R00841,0.14359033107757568
R00842,0.9874250292778015
R00843,0.20675256848335266
R00844,0.08105745911598206
R00845,0.9998895525932312
R00846,0.2889375686645508
R00847,0.1506500393152237
R00848,0.17376397550106049
R00849,0.10248127579689026
R00850,0.9393349289894104
R00851,0.35352206230163574
R00852,0.26447561383247375
R00853,0.17035095393657684
R00854,0.7127524614334106
R00855,0.2417941391468048
R00856,0.16360318660736084
R00857,0.5974700450897217
R00858,0.354949027299881
R00859,0.4986724853515625
R00860,0.9939926266670227
R00861,0.39087390899658203
R00862,0.3870415687561035
R00863,0.21914567053318024
R00864,0.5201570391654968
R00865,0.1582108736038208
R00866,0.13391327857971191
R00867,0.15095922350883484
R00868,0.9961373209953308
R00869,0.10138392448425293
R00870,0.781522810459137
R00871,0.17860233783721924
R00872,0.23573006689548492
R00873,0.733087420463562
R00874,0.13334210216999054
R00875,0.49449265003204346
R00876,0.2602882385253906
R00877,0.526962399482727
R00878,0.08155886083841324
R00879,0.999907374382019
R00880,0.2143196165561676
R00881,0.6006073951721191
R00882,0.4006246328353882
R00883,0.8670458197593689
R00884,0.3890349268913269
R00885,0.2962855100631714
R00886,0.2582308053970337
R00887,0.7728394865989685
R00888,0.1988392174243927
R00889,0.08631499111652374
R00890,0.17504280805587769
R00891,0.1490865796804428
R00892,0.7171194553375244
R00893,0.3708995282649994
R00894,0.995530903339386
R00895,0.902623176574707
R00896,0.2079511284828186
R00897,0.399998277425766
R00898,0.4472794532775879
R00899,0.29056021571159363
R00900,0.40987932682037354
R00901,0.1582363396883011
R00902,0.2969948351383209
R00903,0.5085412859916687
R00904,0.11588108539581299
R00905,0.08600734174251556
R00906,0.3373795747756958
R00907,0.20866669714450836
R00908,0.21935775876045227
R00909,0.5344282388687134
R00910,0.4501033425331116
R00911,0.26658791303634644
R00912,0.5562076568603516
R00913,0.25487709045410156
R00914,0.5542575120925903
R00915,0.9849951267242432
R00916,0.402204304933548
R00917,0.256744384765625
R00918,0.6085131168365479
R00919,0.8852912187576294
R00920,0.8931348323822021
R00921,0.15740454196929932
R00922,0.35617414116859436
R00923,0.3163261413574219
R00924,0.29787829518318176
R00925,0.42100924253463745
R00926,0.11035679280757904
R00927,0.045913148671388626
R00928,0.43941497802734375
R00929,0.3388095796108246
R00930,0.08052734285593033
R00931,0.5174140930175781
R00932,0.36817467212677
R00933,0.08421541005373001
R00934,0.09608116000890732
R00935,0.5918064713478088
R00936,0.32776716351509094
R00937,0.2152051329612732
R00938,0.3150835335254669
R00939,0.04807424917817116
R00940,0.46258577704429626
R00941,0.4873456656932831
R00942,0.04330282658338547
R00943,0.3634946346282959
R00944,0.42529234290122986
R00945,0.5116399526596069
R00946,0.15284773707389832
R00947,0.26554495096206665
R00948,0.10822494328022003
R00949,0.8172439932823181
R00950,0.13516008853912354
R00951,0.48206382989883423
R00952,0.06763815134763718
R00953,0.3160197138786316
R00954,0.24930435419082642
R00955,0.9999510049819946
R00956,0.09497849643230438
R00957,0.46898916363716125
R00958,0.06152988597750664
R00959,0.08217553794384003
R00960,0.1427363157272339
R00961,0.1475001871585846
R00962,0.12264256924390793
R00963,0.15417265892028809
R00964,0.42187628149986267
R00965,0.4586608409881592
R00966,0.6202130317687988
R00967,0.4274272322654724
R00968,0.3209594190120697
R00969,0.17885276675224304
R00970,0.46081945300102234
R00971,0.15321415662765503
R00972,0.9983068108558655
R00973,0.2320796698331833
R00974,0.3465784192085266
R00975,0.6705101132392883
R00976,0.4430091679096222
R00977,0.9977139234542847
R00978,0.12445783615112305
R00979,0.375194787979126
R00980,0.11745388805866241
R00981,0.10471497476100922
R00982,0.10497739911079407
R00983,0.5605913400650024
R00984,0.16236956417560577
R00985,0.32042405009269714
R00986,0.07830718159675598
R00987,0.1932975798845291
R00988,0.9861551523208618
R00989,0.2663619816303253
R00990,0.2795063257217407
R00991,0.3671014904975891
R00992,0.04323110356926918
R00993,0.2021639347076416
R00994,0.4686223566532135
R00995,0.0548165999352932
R00996,0.11997716873884201
R00997,0.9826209545135498
R00998,0.5952852964401245
R00999,0.12095127999782562
R01000,0.21252715587615967
R01001,0.7874622941017151
R01002,0.6153113842010498
R01003,0.1168762743473053
R01004,0.18209891021251678
R01005,0.9132511019706726
R01006,0.3091668486595154
R01007,0.0731993317604065
R01008,0.9587424993515015
R01009,0.9984740018844604
R01010,0.33928078413009644
R01011,0.21045219898223877
R01012,0.09648758172988892
R01013,0.42914676666259766
R01014,0.9889225959777832
R01015,0.23426318168640137
R01016,0.9976880550384521
R01017,0.8140904903411865
R01018,0.6632241010665894
R01019,0.18859080970287323
R01020,0.9315425157546997
R01021,0.5024970769882202
R01022,0.04961252957582474
R01023,0.32444989681243896
R01024,0.15277236700057983
R01025,0.28224241733551025
R01026,0.8687735795974731
R01027,0.4124072194099426
R01028,0.5485448241233826
R01029,0.6239111423492432
R01030,0.32179415225982666
R01031,0.09786419570446014
R01032,0.26774606108665466
R01033,0.5143522024154663
R01034,0.4434121549129486
R01035,0.6567906737327576
R01036,0.9995170831680298
R01037,0.06227244809269905
R01038,0.08394121378660202
R01039,0.06975351274013519
R01040,0.43197712302207947
R01041,0.43543052673339844
R01042,0.9199100136756897
R01043,0.3320152163505554
R01044,0.2582992613315582
R01045,0.35685402154922485
R01046,0.5968843698501587
R01047,0.09839172661304474
R01048,0.5028592944145203
R01049,0.22489552199840546
R01050,0.9018160104751587
R01051,0.27110302448272705
R01052,0.04210570454597473
R01053,0.34559082984924316
R01054,0.14435812830924988
R01055,0.17303621768951416
R01056,0.5334644317626953
R01057,0.44657522439956665
R01058,0.9945356845855713
R01059,0.6798371076583862
R01060,0.3063963055610657
R01061,0.26891493797302246
R01062,0.11675722897052765
R01063,0.433974951505661
R01064,0.3273965120315552
R01065,0.08181644976139069
R01066,0.4148833751678467
R01067,0.8113909363746643
R01068,0.470292866230011
R01069,0.2950001358985901
R01070,0.9840987324714661
R01071,0.5625272989273071
R01072,0.5278165340423584
R01073,0.42657220363616943
R01074,0.5031442642211914
R01075,0.41435736417770386
R01076,0.5048103928565979
R01077,0.7788221836090088
R01078,0.3182529807090759
R01079,0.7080115079879761
R01080,0.31974726915359497
R01081,0.5383472442626953
R01082,0.04799928516149521
R01083,0.3550463318824768
R01084,0.21522256731987
R01085,0.1814061552286148
R01086,0.347353458404541
R01087,0.12679247558116913
R01088,0.3679455518722534
R01089,0.38893967866897583
R01090,0.9262865781784058
R01091,0.37783581018447876
R01092,0.21055854856967926
R01093,0.43593594431877136
R01094,0.6221242547035217
R01095,0.2174651324748993
R01096,0.3859189748764038
R01097,0.11640335619449615
R01098,0.7278234958648682
R01099,0.4762100577354431
R01100,0.08364220708608627
R01101,0.210577130317688
R01102,0.75895094871521
R01103,0.999873161315918
R01104,0.5188871622085571
R01105,0.2028626650571823
R01106,0.05876878648996353
R01107,0.20611891150474548
R01108,0.09467986971139908
R01109,0.5948978662490845
R01110,0.20105785131454468
R01111,0.48228076100349426
R01112,0.22881659865379333
R01113,0.16037629544734955
R01114,0.17371514439582825
R01115,0.47184449434280396
R01116,0.37045353651046753
R01117,0.1668819636106491
R01118,0.4804706573486328
R01119,0.7238228917121887
R01120,0.6066777110099792
R01121,0.08772465586662292
R01122,0.3693608343601227
R01123,0.03938215970993042
R01124,0.12369603663682938
R01125,0.6915757060050964
R01126,0.14156121015548706
R01127,0.16462677717208862
R01128,0.6663642525672913
R01129,0.10615013539791107
R01130,0.9998243451118469
R01131,0.1284608691930771
R01132,0.381101131439209
R01133,0.23436833918094635
R01134,0.4374258518218994
R01135,0.19901277124881744
R01136,0.035548463463783264
R01137,0.47945135831832886
R01138,0.12349821627140045
R01139,0.075235515832901
R01140,0.12407277524471283
R01141,0.3042496144771576
R01142,0.06494767963886261
R01143,0.18869253993034363
R01144,0.2694111764431
R01145,0.3477786183357239
R01146,0.4755823016166687
R01147,0.12794211506843567
R01148,0.29410332441329956
R01149,0.21709683537483215
R01150,0.7428221702575684
R01151,0.595284104347229
R01152,0.4366814196109772
R01153,0.3090536594390869
R01154,0.4515122175216675
R01155,0.16512739658355713
R01156,0.20469990372657776
R01157,0.18919947743415833
R01158,0.23389101028442383
R01159,0.26094579696655273
R01160,0.24220290780067444
R01161,0.2467184066772461
R01162,0.5599290132522583
R01163,0.20050887763500214
R01164,0.23414376378059387
R01165,0.5196185111999512
R01166,0.7835752367973328
R01167,0.9325552582740784
R01168,0.21253520250320435
R01169,0.8677773475646973
R01170,0.3604964315891266
R01171,0.20873554050922394
R01172,0.16495440900325775
R01173,0.9991851449012756
R01174,0.3938710391521454
R01175,0.9940807819366455
R01176,0.26988130807876587
R01177,0.19494804739952087
R01178,0.6528951525688171
R01179,0.4474235773086548
R01180,0.1927640438079834
R01181,0.3945472538471222
R01182,0.49183517694473267
R01183,0.08841995149850845
R01184,0.9869100451469421
R01185,0.6672037839889526
R01186,0.44722551107406616
R01187,0.37289711833000183
R01188,0.25298184156417847
R01189,0.1368633210659027
R01190,0.15984338521957397
R01191,0.06440616399049759
R01192,0.9912271499633789
R01193,0.33317831158638
R01194,0.08680528402328491
R01195,0.3175143599510193
R01196,0.2603379189968109
R01197,0.24941150844097137
R01198,0.3428753614425659
R01199,0.3086634874343872
R01200,0.5178614258766174
R01201,0.09427708387374878
R01202,0.35373175144195557
R01203,0.11540136486291885
R01204,0.23299580812454224
R01205,0.6327085494995117
R01206,0.9802581667900085
R01207,0.3656783401966095
R01208,0.11357453465461731
R01209,0.081208236515522
R01210,0.2862953543663025
R01211,0.10373076796531677
R01212,0.0870649665594101
R01213,0.24619488418102264
R01214,0.4217740297317505
R01215,0.3152362108230591
R01216,0.7885118722915649
R01217,0.2357272505760193
R01218,0.300983190536499
R01219,0.3018574118614197
R01220,0.19248121976852417
R01221,0.5420512557029724
R01222,0.11908172816038132
R01223,0.05109129846096039
R01224,0.14765998721122742
R01225,0.6346538066864014
R01226,0.3804546594619751
R01227,0.17558084428310394
R01228,0.881536602973938
R01229,0.17107099294662476
R01230,0.3349642753601074
R01231,0.6694931983947754
R01232,0.31607508659362793
R01233,0.1501494199037552
R01234,0.1290508210659027
R01235,0.3443669080734253
R01236,0.11025738716125488
R01237,0.9926820993423462
R01238,0.13645333051681519
R01239,0.4157866835594177
R01240,0.24594330787658691
R01241,0.1433531641960144
R01242,0.39680010080337524
R01243,0.11545126140117645
R01244,0.22552548348903656
R01245,0.03717140108346939
R01246,0.38246428966522217
R01247,0.23379255831241608
R01248,0.06125706434249878
R01249,0.16867390275001526
R01250,0.32170212268829346
R01251,0.19373819231987
R01252,0.12220092117786407
R01253,0.11661212146282196
R01254,0.2601872682571411
R01255,0.315390408039093
R01256,0.9989888668060303
R01257,0.41408658027648926
R01258,0.17822353541851044
R01259,0.1706039011478424
R01260,0.3668718636035919
R01261,0.40623947978019714
R01262,0.2461613267660141
R01263,0.5608047246932983
R01264,0.1977696418762207
R01265,0.4682970643043518
R01266,0.5942941904067993
R01267,0.6261113882064819
R01268,0.9063153862953186
R01269,0.08093671500682831
R01270,0.26666775345802307
R01271,0.30761992931365967
R01272,0.5480703115463257
R01273,0.06677113473415375
R01274,0.4718130826950073
R01275,0.2473362684249878
R01276,0.5677016377449036
R01277,0.12789319455623627
R01278,0.6041264533996582
R01279,0.19902780652046204
R01280,0.07625129073858261
R01281,0.057569701224565506
R01282,0.07230886071920395
R01283,0.42824020981788635
R01284,0.3467924892902374
R01285,0.09836944937705994
R01286,0.6926808953285217
R01287,0.46188613772392273
R01288,0.15791527926921844
R01289,0.5217384696006775
R01290,0.12795211374759674
R01291,0.8248063325881958
R01292,0.7656203508377075
R01293,0.3377286493778229
R01294,0.6111152172088623
R01295,0.39184218645095825
R01296,0.16004006564617157
R01297,0.5719517469406128
R01298,0.840604305267334
R01299,0.565372884273529
R01300,0.33388105034828186
R01301,0.14078092575073242
R01302,0.46791666746139526
R01303,0.20774587988853455
R01304,0.3994079828262329
R01305,0.8118719458580017
R01306,0.13800016045570374
R01307,0.4812214970588684
R01308,0.5631027221679688
R01309,0.6376680731773376
R01310,0.9990158677101135
R01311,0.8280102610588074
R01312,0.30599862337112427
R01313,0.20538559556007385
R01314,0.22683362662792206
R01315,0.3090636134147644
R01316,0.9159364104270935
R01317,0.34028783440589905
R01318,0.17520907521247864
R01319,0.3377872109413147
R01320,0.11112458258867264
R01321,0.8267700672149658
R01322,0.26570627093315125
R01323,0.24875444173812866
R01324,0.9791133403778076
R01325,0.1256592571735382
R01326,0.2909504175186157
R01327,0.41490933299064636
R01328,0.30149510502815247
R01329,0.18692146241664886
R01330,0.1553736925125122
R01331,0.5959517955780029
R01332,0.3435588479042053
R01333,0.1607494056224823
R01334,0.6309051513671875
R01335,0.28176093101501465
R01336,0.12023171782493591
R01337,0.12497366219758987
R01338,0.9954586029052734
R01339,0.10580365359783173
R01340,0.3855939507484436
R01341,0.20890408754348755
R01342,0.9989100098609924
R01343,0.13799652457237244
R01344,0.8298555016517639
R01345,0.252270370721817
R01346,0.3036944568157196
R01347,0.7427573204040527
R01348,0.23152273893356323
R01349,0.1519031822681427
R01350,0.14547526836395264
R01351,0.13171279430389404
R01352,0.6663064956665039
R01353,0.6149331331253052
R01354,0.7835166454315186
R01355,0.19277432560920715
R01356,0.19173488020896912
R01357,0.0735698863863945
R01358,0.31847015023231506
R01359,0.7493594288825989
R01360,0.16840249300003052
R01361,0.3550969064235687
R01362,0.04558398202061653
R01363,0.2521403431892395
R01364,0.9564938545227051
R01365,0.9627676010131836
R01366,0.21182310581207275
R01367,0.15386733412742615
R01368,0.27054446935653687
R01369,0.37481993436813354
R01370,0.4494919180870056
R01371,0.10496428608894348
R01372,0.4518604278564453
R01373,0.32069918513298035
R01374,0.25275543332099915
R01375,0.206681028008461
R01376,0.2705961763858795
R01377,0.24089887738227844
R01378,0.8244199156761169
R01379,0.60735023021698
R01380,0.7399789690971375
R01381,0.12761090695858002
R01382,0.6363707780838013
R01383,0.5056285858154297
R01384,0.19571353495121002
R01385,0.4031628370285034
R01386,0.9675759673118591
R01387,0.5312509536743164
R01388,0.31740015745162964
R01389,0.5926821231842041
R01390,0.4459770917892456
R01391,0.5052122473716736
R01392,0.13730698823928833
R01393,0.20399773120880127
R01394,0.19250619411468506
R01395,0.9940943717956543
R01396,0.30952832102775574
R01397,0.577704906463623
R01398,0.5524747371673584
R01399,0.2038625180721283
R01400,0.8928556442260742
R01401,0.3182186782360077
R01402,0.15371431410312653
R01403,0.8747134804725647
R01404,0.2835073471069336
R01405,0.08064809441566467
R01406,0.09846754372119904
R01407,0.5634306073188782
R01408,0.36596354842185974
R01409,0.06648368388414383
R01410,0.6010177135467529
R01411,0.24218937754631042
R01412,0.15632958710193634
R01413,0.3436067998409271
R01414,0.24988093972206116
R01415,0.3525853455066681
R01416,0.8475866317749023
R01417,0.7224926948547363
R01418,0.14173462986946106
R01419,0.22070202231407166
R01420,0.3581707775592804
R01421,0.1552533507347107
R01422,0.24998366832733154
R01423,0.12567931413650513
R01424,0.3739986717700958
R01425,0.248337522149086
R01426,0.5026473999023438
R01427,0.41274988651275635
R01428,0.09451861679553986
R01429,0.7207216024398804
R01430,0.9742952585220337
R01431,0.25706160068511963
R01432,0.9938651323318481
R01433,0.6727096438407898
R01434,0.2594033479690552
R01435,0.46507328748703003
R01436,0.9920504093170166
R01437,0.1383669376373291
R01438,0.19315895438194275
R01439,0.5076577663421631
R01440,0.5561453104019165
R01441,0.1700853705406189
R01442,0.10344181954860687
R01443,0.9974578022956848
R01444,0.09012065082788467
R01445,0.2503441274166107
R01446,0.1753094494342804
R01447,0.40449392795562744
R01448,0.9893255233764648
R01449,0.4419874846935272
R01450,0.2813112735748291
R01451,0.2807273864746094
R01452,0.3399748206138611
R01453,0.2138058990240097
R01454,0.10466600209474564
R01455,0.9831605553627014
R01456,0.07584621012210846
R01457,0.22206632792949677
R01458,0.20893022418022156
R01459,0.7508643865585327
R01460,0.5123545527458191
R01461,0.10385455191135406
R01462,0.507372260093689
R01463,0.33593517541885376
R01464,0.23122695088386536
R01465,0.7255845069885254
R01466,0.9998034238815308
R01467,0.672707736492157
R01468,0.49053439497947693
R01469,0.1520507037639618
R01470,0.18914242088794708
R01471,0.291881263256073
R01472,0.12359914183616638
R01473,0.711225688457489
R01474,0.19881071150302887
R01475,0.2926568388938904
R01476,0.9994491338729858
R01477,0.23314952850341797
R01478,0.23084482550621033
R01479,0.6146524548530579
R01480,0.14506515860557556
R01481,0.25326383113861084
R01482,0.2268614023923874
R01483,0.08953799307346344
R01484,0.10974448919296265
R01485,0.999794602394104
R01486,0.9989585876464844
R01487,0.5279512405395508
R01488,0.5187925100326538
R01489,0.7011967897415161
R01490,0.31250667572021484
R01491,0.41819047927856445
R01492,0.12297780811786652
R01493,0.1838178038597107
R01494,0.6646641492843628
R01495,0.17828288674354553
R01496,0.07191213965415955
R01497,0.43233808875083923
R01498,0.36037492752075195
R01499,0.9997777342796326
R01500,0.2862553596496582
R01501,0.755921483039856
R01502,0.06536378711462021
R01503,0.5769984126091003
R01504,0.9564841985702515
R01505,0.32740262150764465
R01506,0.1742335706949234
R01507,0.16585959494113922
R01508,0.5949463844299316
R01509,0.14661580324172974
R01510,0.2820488214492798
R01511,0.09357470273971558
R01512,0.21732978522777557
R01513,0.9303438067436218
R01514,0.23993921279907227
R01515,0.24304422736167908
R01516,0.1564496010541916
R01517,0.3420904874801636
R01518,0.850746750831604
R01519,0.22061046957969666
R01520,0.7220058441162109
R01521,0.29412537813186646
R01522,0.3469887375831604
R01523,0.9234839677810669
R01524,0.15435054898262024
R01525,0.646676778793335
R01526,0.09641434252262115
R01527,0.44344401359558105
R01528,0.7619980573654175
R01529,0.27797719836235046
R01530,0.30832862854003906
R01531,0.10153728723526001
R01532,0.5840135216712952
R01533,0.21888422966003418
R01534,0.23857122659683228
R01535,0.08532492816448212
R01536,0.4452727437019348
R01537,0.9944698810577393
R01538,0.4403975307941437
R01539,0.2147599756717682
R01540,0.18045547604560852
R01541,0.05416225641965866
R01542,0.3361559212207794
R01543,0.1975431889295578
R01544,0.24133461713790894
R01545,0.9086319804191589
R01546,0.44030314683914185
R01547,0.8510857820510864
R01548,0.3861536383628845
R01549,0.14896240830421448
R01550,0.38417351245880127
R01551,0.3719681203365326
R01552,0.10206429660320282
R01553,0.30550724267959595
R01554,0.5785577297210693
R01555,0.09480277448892593
R01556,0.2814841866493225
R01557,0.400698184967041
R01558,0.07397738099098206
R01559,0.2729285657405853
R01560,0.4862074851989746
R01561,0.27372485399246216
R01562,0.35336124897003174
R01563,0.25875312089920044
R01564,0.20783628523349762
R01565,0.2888599932193756
R01566,0.6461557745933533
R01567,0.15448373556137085
R01568,0.12118864059448242
R01569,0.43545693159103394
R01570,0.14352746307849884
R01571,0.7020891308784485
R01572,0.15516245365142822
R01573,0.5577153563499451
R01574,0.6609772443771362
R01575,0.11197984218597412
R01576,0.14781729876995087
R01577,0.2686329185962677
R01578,0.20447158813476562
R01579,0.17498186230659485
R01580,0.07500478625297546
R01581,0.6280823945999146
R01582,0.5298653841018677
R01583,0.145480677485466
R01584,0.5705565214157104
R01585,0.42193201184272766
R01586,0.26222026348114014
R01587,0.22413861751556396
R01588,0.33891910314559937
R01589,0.6247471570968628
R01590,0.07475358992815018
R01591,0.2520919144153595
R01592,0.08458293974399567
R01593,0.35356488823890686
R01594,0.24093949794769287
R01595,0.6542273163795471
R01596,0.09804954379796982
R01597,0.4016445577144623
R01598,0.25958767533302307
R01599,0.04042475298047066
R01600,0.65123051404953
R01601,0.07761764526367188
R01602,0.48818308115005493
R01603,0.18781563639640808
R01604,0.35098642110824585
R01605,0.2110566645860672
R01606,0.2176048904657364
R01607,0.27475234866142273
R01608,0.40390586853027344
R01609,0.22856579720973969
R01610,0.8942656517028809
R01611,0.400850385427475
R01612,0.6235832571983337
R01613,0.1350986361503601
R01614,0.2229226678609848
R01615,0.3594438433647156
R01616,0.1187576875090599
R01617,0.14681723713874817
R01618,0.4258444607257843
R01619,0.37604543566703796
R01620,0.13447555899620056
R01621,0.13915756344795227
R01622,0.38340914249420166
R01623,0.21614393591880798
R01624,0.9993155002593994
R01625,0.2862219512462616
R01626,0.5304749011993408
R01627,0.3285674750804901
R01628,0.20658785104751587
R01629,0.10361923277378082
R01630,0.9999256730079651
R01631,0.16670261323451996
R01632,0.0504077784717083
R01633,0.2340291440486908
R01634,0.1479480117559433
R01635,0.2896070182323456
R01636,0.1395709365606308
R01637,0.2226063311100006
R01638,0.339842826128006
R01639,0.44758516550064087
R01640,0.6369448900222778
R01641,0.48106256127357483
R01642,0.1128261610865593
R01643,0.5295982360839844
R01644,0.7250078320503235
R01645,0.27453887462615967
R01646,0.6476326584815979
R01647,0.4480353593826294
R01648,0.08638939261436462
R01649,0.5233526825904846
R01650,0.6321218013763428
R01651,0.2582473158836365
R01652,0.23676061630249023
R01653,0.9621326923370361
R01654,0.6480404138565063
R01655,0.2104225754737854
R01656,0.6560488939285278
R01657,0.15528090298175812
R01658,0.2559299170970917
R01659,0.370615690946579
R01660,0.44368165731430054
R01661,0.25902730226516724
R01662,0.23862898349761963
R01663,0.1894625425338745
R01664,0.5738014578819275
R01665,0.1513528823852539
R01666,0.19123868644237518
R01667,0.17691129446029663
R01668,0.08337050676345825
R01669,0.23182572424411774
R01670,0.20172657072544098
R01671,0.21835657954216003
R01672,0.9603910446166992
R01673,0.14808307588100433
R01674,0.3951013684272766
R01675,0.3126455843448639
R01676,0.16982384026050568
R01677,0.20315086841583252
R01678,0.16768549382686615
R01679,0.10314130783081055
R01680,0.5275878310203552
R01681,0.44684848189353943
R01682,0.4906575381755829
R01683,0.13329073786735535
R01684,0.26100996136665344
R01685,0.1735970824956894
R01686,0.25731974840164185
R01687,0.18146726489067078
R01688,0.14695166051387787
R01689,0.3094164729118347
R01690,0.12092544138431549
R01691,0.15412266552448273
R01692,0.29557085037231445
R01693,0.4277298152446747
R01694,0.07408636808395386
R01695,0.6358470916748047
R01696,0.8033296465873718
R01697,0.2790565490722656
R01698,0.43875983357429504
R01699,0.30059802532196045
R01700,0.08554454892873764
R01701,0.426236093044281
R01702,0.4196823537349701
R01703,0.08497168868780136
R01704,0.33670154213905334
R01705,0.1868293285369873
R01706,0.0982513427734375
R01707,0.08579172939062119
R01708,0.2432628571987152
R01709,0.047922007739543915
R01710,0.3534051775932312
R01711,0.3312424421310425
R01712,0.325359582901001
R01713,0.2694416046142578
R01714,0.3166852593421936
R01715,0.2887645959854126
R01716,0.3256676495075226
R01717,0.1093955785036087
R01718,0.08812631666660309
R01719,0.11508834362030029
R01720,0.3268633484840393
R01721,0.5662029981613159
R01722,0.3500899076461792
R01723,0.14447255432605743
R01724,0.19347573816776276
R01725,0.20072485506534576
R01726,0.14502184092998505
R01727,0.30894532799720764
R01728,0.33747240900993347
R01729,0.282384991645813
R01730,0.22273579239845276
R01731,0.20136471092700958
R01732,0.0771775171160698
R01733,0.32766270637512207
R01734,0.20175276696681976
R01735,0.7435967922210693
R01736,0.13800667226314545
R01737,0.12072688341140747
R01738,0.38415420055389404
R01739,0.11940055340528488
R01740,0.3257533609867096
R01741,0.05745816230773926
R01742,0.16225850582122803
R01743,0.09442757070064545
R01744,0.22488781809806824
R01745,0.2513779103755951
R01746,0.44053465127944946
R01747,0.19373565912246704
R01748,0.6006794571876526
R01749,0.6743324995040894
R01750,0.3498777449131012
R01751,0.9695366024971008
R01752,0.2691049575805664
R01753,0.20728658139705658
R01754,0.4978494942188263
R01755,0.13275286555290222
R01756,0.07109350711107254
R01757,0.35512983798980713
R01758,0.34367406368255615
R01759,0.21942134201526642
R01760,0.09202032536268234
R01761,0.11176752299070358
R01762,0.9686615467071533
R01763,0.4049387574195862
R01764,0.9390796422958374
R01765,0.11704546213150024
R01766,0.41614851355552673
R01767,0.3815774917602539
R01768,0.1365775316953659
R01769,0.20961299538612366
R01770,0.30333489179611206
R01771,0.08353221416473389
R01772,0.15481097996234894
R01773,0.5559402704238892
R01774,0.7818101644515991
R01775,0.38169512152671814
R01776,0.23702004551887512
R01777,0.435224711894989
R01778,0.07690095156431198
R01779,0.9985179901123047
R01780,0.1729760766029358
R01781,0.19707338511943817
R01782,0.6483708620071411
R01783,0.12627246975898743
R01784,0.07274461537599564
R01785,0.19867244362831116
R01786,0.3490011394023895
R01787,0.40625011920928955
R01788,0.9632881283760071
R01789,0.19371017813682556
R01790,0.30299657583236694
R01791,0.23947295546531677
R01792,0.14184068143367767
R01793,0.24169112741947174
R01794,0.9757876396179199
R01795,0.7735314965248108
R01796,0.26483380794525146
R01797,0.18674534559249878
R01798,0.11670200526714325
R01799,0.72209233045578
R01800,0.32558828592300415
R01801,0.3215150535106659
R01802,0.4609931707382202
R01803,0.07996371388435364
R01804,0.4015869200229645
R01805,0.13358117640018463
R01806,0.16388481855392456
R01807,0.8507264852523804
R01808,0.08810543268918991
R01809,0.41785672307014465
R01810,0.4618906080722809
R01811,0.11417076736688614
R01812,0.1548294574022293
R01813,0.5096716284751892
R01814,0.7000171542167664
R01815,0.27285659313201904
R01816,0.06895872950553894
R01817,0.06478391587734222
R01818,0.04027251899242401
R01819,0.6545366048812866
R01820,0.21847623586654663
R01821,0.40010032057762146
R01822,0.09222312271595001
R01823,0.18054649233818054
R01824,0.14542824029922485
R01825,0.18452689051628113
R01826,0.15554308891296387
R01827,0.27659767866134644
R01828,0.1678948998451233
R01829,0.09993722289800644
R01830,0.265554815530777
R01831,0.3558974862098694
R01832,0.1312548965215683
R01833,0.8503623604774475
R01834,0.14668166637420654
R01835,0.3454604148864746
R01836,0.5297638177871704
R01837,0.1722509115934372
R01838,0.11523870378732681
R01839,0.3074772357940674
R01840,0.40647703409194946
R01841,0.2876429557800293
R01842,0.46699199080467224
R01843,0.5902023911476135
R01844,0.14003731310367584
R01845,0.9876066446304321
R01846,0.15228979289531708
R01847,0.2382838875055313
R01848,0.10588689148426056
R01849,0.20591901242733002
R01850,0.46029016375541687
R01851,0.15731874108314514
R01852,0.17928510904312134
R01853,0.3315660357475281
R01854,0.12292791157960892
R01855,0.9327024817466736
R01856,0.34824785590171814
R01857,0.28125879168510437
R01858,0.491382360458374
R01859,0.194570854306221
R01860,0.16734737157821655
R01861,0.3185564875602722
R01862,0.2568587064743042
R01863,0.8580234050750732
R01864,0.16725778579711914
R01865,0.1989768147468567
R01866,0.1424221396446228
R01867,0.12461602687835693
R01868,0.6147046089172363
R01869,0.27358371019363403
R01870,0.6692325472831726
R01871,0.10464058816432953
R01872,0.3902515769004822
R01873,0.6020583510398865
R01874,0.9992901682853699
R01875,0.16591507196426392
R01876,0.9811550974845886
R01877,0.16453801095485687
R01878,0.465395987033844
R01879,0.4950898289680481
R01880,0.3472784161567688
R01881,0.9912035465240479
R01882,0.45460405945777893
R01883,0.23113463819026947
R01884,0.22778503596782684
R01885,0.11985087394714355
R01886,0.3217781186103821
R01887,0.24856749176979065
R01888,0.6843022704124451
R01889,0.19887307286262512
R01890,0.0945742204785347
R01891,0.09149055927991867
R01892,0.4748237729072571
R01893,0.8205274939537048
R01894,0.4972878694534302
R01895,0.14923091232776642
R01896,0.25746268033981323
R01897,0.6729609370231628
R01898,0.0565064437687397
R01899,0.7886160612106323
R01900,0.17102617025375366
R01901,0.39470598101615906
R01902,0.14724671840667725
R01903,0.9938305020332336
R01904,0.3657657206058502
R01905,0.2088523805141449
R01906,0.20512612164020538
R01907,0.38544195890426636
R01908,0.6797583103179932
R01909,0.9976223111152649
R01910,0.29177457094192505
R01911,0.7504154443740845
R01912,0.28071194887161255
R01913,0.9481396675109863
R01914,0.2708659768104553
R01915,0.5663663148880005
R01916,0.13964426517486572
R01917,0.23506499826908112
R01918,0.5700528025627136
R01919,0.2011416256427765
R01920,0.20640498399734497
R01921,0.19422072172164917
R01922,0.45142555236816406
R01923,0.4840029776096344
R01924,0.3300982415676117
R01925,0.15145546197891235
R01926,0.6366826295852661
R01927,0.14201757311820984
R01928,0.6214542388916016
R01929,0.3789892792701721
R01930,0.4514588415622711
R01931,0.2023043930530548
R01932,0.3182319104671478
R01933,0.665634036064148
R01934,0.27852392196655273
R01935,0.17174309492111206
R01936,0.3456079363822937
R01937,0.22519801557064056
R01938,0.31093162298202515
R01939,0.17617563903331757
R01940,0.2797304689884186
R01941,0.5719239115715027
R01942,0.44415801763534546
R01943,0.15765875577926636
R01944,0.1768472045660019
R01945,0.2230253368616104
R01946,0.6469670534133911
R01947,0.1048409640789032
R01948,0.27241379022598267
R01949,0.36712339520454407
R01950,0.3630862832069397
R01951,0.36015933752059937
R01952,0.1384558230638504
R01953,0.27925536036491394
R01954,0.21246123313903809
R01955,0.2586136758327484
R01956,0.24901828169822693
R01957,0.2206311821937561
R01958,0.33729976415634155
R01959,0.18884432315826416
R01960,0.1417131870985031
R01961,0.6472888588905334
R01962,0.2016914337873459
R01963,0.41997605562210083
R01964,0.6578732132911682
R01965,0.5363225936889648
R01966,0.6067254543304443
R01967,0.05569200590252876
R01968,0.1414676159620285
R01969,0.399284303188324
R01970,0.5124042630195618
R01971,0.08046532422304153
R01972,0.9997493028640747
R01973,0.24827902019023895
R01974,0.1846974492073059
R01975,0.985571026802063
R01976,0.2590751349925995
R01977,0.6385213732719421
R01978,0.09131142497062683
R01979,0.6400753855705261
R01980,0.40853092074394226
R01981,0.15662881731987
R01982,0.4068523049354553
R01983,0.31670793890953064
R01984,0.9405521154403687
R01985,0.09142021834850311
R01986,0.13711361587047577
R01987,0.19028984010219574
R01988,0.48497918248176575
R01989,0.8734822869300842
R01990,0.4295499324798584
R01991,0.4711775481700897
R01992,0.7118425369262695
R01993,0.7013317346572876
R01994,0.7217021584510803
R01995,0.1828714907169342
R01996,0.08791545778512955
R01997,0.4821627140045166
R01998,0.9938273429870605
R01999,0.15841996669769287
R02000,0.1912463903427124
R02001,0.18860632181167603
R02002,0.9077774286270142
R02003,0.1823919117450714
R02004,0.5003271698951721
R02005,0.1922365427017212
R02006,0.5504932403564453
R02007,0.08188208937644958
R02008,0.707574725151062
R02009,0.9995051622390747
R02010,0.6829221248626709
R02011,0.2823680639266968
R02012,0.9605210423469543
R02013,0.7453790307044983
R02014,0.9887154698371887
R02015,0.6153926849365234
R02016,0.14964090287685394
R02017,0.15039929747581482
R02018,0.32230761647224426
R02019,0.18774616718292236
R02020,0.2312898486852646
R02021,0.06452678143978119
R02022,0.2405211329460144
R02023,0.41929227113723755
R02024,0.11187650263309479
R02025,0.7261584997177124
R02026,0.5615156888961792
R02027,0.3632241487503052
R02028,0.20405900478363037
R02029,0.14662611484527588
R02030,0.19808900356292725
R02031,0.21211852133274078
R02032,0.15509551763534546
R02033,0.24626795947551727
R02034,0.6713849902153015
R02035,0.9926097393035889
R02036,0.20608748495578766
R02037,0.36755871772766113
R02038,0.10124872624874115
R02039,0.4044681787490845
R02040,0.27878162264823914
R02041,0.6373292803764343
R02042,0.21664723753929138
R02043,0.8755038976669312
R02044,0.1026073545217514
R02045,0.31457260251045227
R02046,0.24358993768692017
R02047,0.36556804180145264
R02048,0.0999567061662674
R02049,0.679381251335144
R02050,0.9640380144119263
R02051,0.5863533020019531
R02052,0.1724359393119812
R02053,0.33642372488975525
R02054,0.1513410210609436
R02055,0.14383943378925323
R02056,0.2589769661426544
R02057,0.2935791611671448
R02058,0.5249766111373901
R02059,0.23885874450206757
R02060,0.9993420839309692
R02061,0.4288819134235382
R02062,0.25604838132858276
R02063,0.45789891481399536
R02064,0.409365177154541
R02065,0.6207984685897827
R02066,0.3407805860042572
R02067,0.3881112337112427
R02068,0.09149567037820816
R02069,0.12973801791667938
R02070,0.6429516077041626
R02071,0.07545279711484909
R02072,0.09773743152618408
R02073,0.610880970954895
R02074,0.1774555742740631
R02075,0.08452846109867096
R02076,0.696651816368103
R02077,0.9395063519477844
R02078,0.22057762742042542
R02079,0.2358171045780182
R02080,0.1489478349685669
R02081,0.28100520372390747
R02082,0.4285295009613037
R02083,0.16205716133117676
R02084,0.4068494737148285
R02085,0.19720229506492615
R02086,0.2880292534828186
R02087,0.09950514137744904
R02088,0.24333371222019196
R02089,0.17869633436203003
R02090,0.16516271233558655
R02091,0.3608124554157257
R02092,0.3723790645599365
R02093,0.29890620708465576
R02094,0.34730127453804016
R02095,0.22236308455467224
R02096,0.4147922396659851
R02097,0.5375165939331055
R02098,0.8495700359344482
R02099,0.11767091602087021
R02100,0.6340538263320923
R02101,0.15298090875148773
R02102,0.21694791316986084
R02103,0.5073621273040771
R02104,0.43652528524398804
R02105,0.2490965723991394
R02106,0.2560381293296814
R02107,0.502689778804779
R02108,0.3404495120048523
R02109,0.383269727230072
R02110,0.5101587176322937
R02111,0.11460188031196594
R02112,0.3481748104095459
R02113,0.2647758424282074
R02114,0.4085299074649811
R02115,0.48539045453071594
R02116,0.11353769898414612
R02117,0.2499033510684967
R02118,0.40858569741249084
R02119,0.06773516535758972
R02120,0.5452978610992432
R02121,0.3734423518180847
R02122,0.08223120868206024
R02123,0.06945216655731201
R02124,0.3910996615886688
R02125,0.23592619597911835
R02126,0.1838551163673401
R02127,0.4383314549922943
R02128,0.9977517127990723
R02129,0.2218451201915741
R02130,0.914141833782196
R02131,0.44285348057746887
R02132,0.28891706466674805
R02133,0.3130300045013428
R02134,0.2899535000324249
R02135,0.27376431226730347
R02136,0.31514889001846313
R02137,0.3742431402206421
R02138,0.9023435711860657
R02139,0.15418630838394165
R02140,0.5999901294708252
R02141,0.7473506331443787
R02142,0.05831098183989525
R02143,0.6742962002754211
R02144,0.0888945609331131
R02145,0.10081212222576141
R02146,0.23219050467014313
R02147,0.5489763617515564
R02148,0.22016222774982452
R02149,0.9999837875366211
R02150,0.43013396859169006
R02151,0.7029170989990234
R02152,0.21084991097450256
R02153,0.994899332523346
R02154,0.40523871779441833
R02155,0.08572821319103241
R02156,0.30549219250679016
R02157,0.1794477105140686
R02158,0.25889158248901367
R02159,0.09115298092365265
R02160,0.14464491605758667
R02161,0.17699064314365387
R02162,0.33572861552238464
R02163,0.4297533333301544
R02164,0.8373880386352539
R02165,0.33005258440971375
R02166,0.039728470146656036
R02167,0.8798425197601318
R02168,0.6054961085319519
R02169,0.3497758209705353
R02170,0.2506619393825531
R02171,0.17156840860843658
R02172,0.38368499279022217
R02173,0.24903270602226257
R02174,0.48464369773864746
R02175,0.1881864219903946
R02176,0.09678646177053452
R02177,0.06603216379880905
R02178,0.6767803430557251
R02179,0.2965719699859619
R02180,0.2240365743637085
R02181,0.27168285846710205
R02182,0.191654235124588
R02183,0.2986249029636383
R02184,0.1572483628988266
R02185,0.4172572195529938
R02186,0.22345490753650665
R02187,0.6039139032363892
R02188,0.26220178604125977
R02189,0.21863502264022827
R02190,0.7284495234489441
R02191,0.1729208081960678
R02192,0.53899085521698
R02193,0.4845341444015503
R02194,0.613622784614563
R02195,0.09473495185375214
R02196,0.10178717225790024
R02197,0.302442729473114
R02198,0.12528614699840546
R02199,0.26704251766204834
R02200,0.8117351531982422
R02201,0.07099863141775131
R02202,0.3209587037563324
R02203,0.18069475889205933
R02204,0.6567598581314087
R02205,0.852222740650177
R02206,0.3211402893066406
R02207,0.08514593541622162
R02208,0.27641528844833374
R02209,0.7726292610168457
R02210,0.31180375814437866
R02211,0.8852890729904175
R02212,0.3486275374889374
R02213,0.4484555721282959
R02214,0.9945563673973083
R02215,0.9214802980422974
R02216,0.11704286187887192
R02217,0.07970736920833588
R02218,0.4218667149543762
R02219,0.676122784614563
R02220,0.20704138278961182
R02221,0.18418073654174805
R02222,0.20045290887355804
R02223,0.43521666526794434
R02224,0.883334755897522
R02225,0.22871243953704834
R02226,0.41523614525794983
R02227,0.16495555639266968
R02228,0.11541720479726791
R02229,0.14622347056865692
R02230,0.46545225381851196
R02231,0.8156626224517822
R02232,0.3651512861251831
R02233,0.7773855924606323
R02234,0.3748677670955658
R02235,0.11645686626434326
R02236,0.5166624784469604
R02237,0.2577945590019226
R02238,0.10618981719017029
R02239,0.22135621309280396
R02240,0.34148186445236206
R02241,0.807137131690979
R02242,0.9986481666564941
R02243,0.833984375
R02244,0.1046842560172081
R02245,0.9506755471229553
R02246,0.49194425344467163
R02247,0.774682879447937
R02248,0.5434460639953613
R02249,0.05472913756966591
R02250,0.09163133800029755
R02251,0.19599029421806335
R02252,0.9043881893157959
R02253,0.43291258811950684
R02254,0.14712627232074738
R02255,0.11068146675825119
R02256,0.9043518304824829
R02257,0.944675862789154
R02258,0.28138044476509094
R02259,0.08248866349458694
R02260,0.20911383628845215
R02261,0.0739554762840271
R02262,0.06848393380641937
R02263,0.07486559450626373
R02264,0.0719219371676445
R02265,0.08727064728736877
R02266,0.4393446445465088
R02267,0.11084115505218506
R02268,0.6922650933265686
R02269,0.07491534948348999
R02270,0.2360827922821045
R02271,0.22614672780036926
R02272,0.20301653444766998
R02273,0.3324219286441803
R02274,0.11783279478549957
R02275,0.12410085648298264
R02276,0.5392725467681885
R02277,0.3812757134437561
R02278,0.4952099919319153
R02279,0.7525509595870972
R02280,0.15984374284744263
R02281,0.2505210041999817
R02282,0.2767013609409332
R02283,0.30126386880874634
R02284,0.07647950202226639
R02285,0.05397017300128937
R02286,0.28817278146743774
R02287,0.33257150650024414
R02288,0.16644743084907532
R02289,0.7095382213592529
R02290,0.10316067934036255
R02291,0.45500239729881287
R02292,0.130435049533844
R02293,0.2943735420703888
R02294,0.25237977504730225
R02295,0.43651965260505676
R02296,0.14234524965286255
R02297,0.16244645416736603
R02298,0.6001916527748108
R02299,0.36239951848983765
R02300,0.11106885224580765
R02301,0.22908712923526764
R02302,0.22232961654663086
R02303,0.4314172863960266
R02304,0.17266449332237244
R02305,0.06928938627243042
R02306,0.7595070004463196
R02307,0.35626474022865295
R02308,0.49185261130332947
R02309,0.5528270602226257
R02310,0.35761046409606934
R02311,0.830411434173584
R02312,0.9999672770500183
R02313,0.9984868168830872
R02314,0.23305681347846985
R02315,0.2633291184902191
R02316,0.10481244325637817
R02317,0.15065009891986847
R02318,0.19430358707904816
R02319,0.263391375541687
R02320,0.16332566738128662
R02321,0.4419623017311096
R02322,0.16701838374137878
R02323,0.4400504231452942
R02324,0.06166750565171242
R02325,0.3914721608161926
R02326,0.24707654118537903
R02327,0.13382498919963837
R02328,0.1475633829832077
R02329,0.5906013250350952
R02330,0.9977657794952393
R02331,0.087251216173172
R02332,0.187931090593338
R02333,0.9996156096458435
R02334,0.2976386249065399
R02335,0.08792383223772049
R02336,0.18743696808815002
R02337,0.248397558927536
R02338,0.1946355253458023
R02339,0.12274070084095001
R02340,0.8183196783065796
R02341,0.27222007513046265
R02342,0.16117048263549805
R02343,0.1898314654827118
R02344,0.7318112254142761
R02345,0.5220870971679688
R02346,0.1768280565738678
R02347,0.740647554397583
R02348,0.14582429826259613
R02349,0.1957743763923645
R02350,0.10207261890172958
R02351,0.37467196583747864
R02352,0.25941434502601624
R02353,0.21665219962596893
R02354,0.3945932388305664
R02355,0.40089231729507446
R02356,0.3166576623916626
R02357,0.37079429626464844
R02358,0.4470880627632141
R02359,0.4896862506866455
R02360,0.04565788805484772
R02361,0.09044631570577621
R02362,0.30958351492881775
R02363,0.3887854814529419
R02364,0.4012276530265808
R02365,0.22363993525505066
R02366,0.6937520503997803
R02367,0.26501375436782837
R02368,0.22118762135505676
R02369,0.05550668016076088
R02370,0.754435658454895
R02371,0.159718319773674
R02372,0.3794703781604767
R02373,0.11488565057516098
R02374,0.6725625991821289
R02375,0.39473122358322144
R02376,0.6415247321128845
R02377,0.4066111445426941
R02378,0.47729021310806274
R02379,0.07155832648277283
R02380,0.29356661438941956
R02381,0.22496923804283142
R02382,0.14867815375328064
R02383,0.36656302213668823
R02384,0.41377222537994385
R02385,0.9184924960136414
R02386,0.8484395146369934
R02387,0.7682303786277771
R02388,0.9230780005455017
R02389,0.3084564208984375
R02390,0.13300614058971405
R02391,0.6884375214576721
R02392,0.2156141698360443
R02393,0.6198049783706665
R02394,0.18472665548324585
R02395,0.2897023558616638
R02396,0.5208739638328552
R02397,0.45826607942581177
R02398,0.2336144745349884
R02399,0.7605932950973511
R02400,0.19688653945922852
R02401,0.30802303552627563
R02402,0.07759124040603638
R02403,0.19807714223861694
R02404,0.35051649808883667
R02405,0.09857045859098434
R02406,0.46172913908958435
R02407,0.3597791790962219
R02408,0.6631993651390076
R02409,0.07880981266498566
R02410,0.5028302669525146
R02411,0.25592079758644104
R02412,0.31895339488983154
R02413,0.2809670567512512
R02414,0.15936174988746643
R02415,0.6394847631454468
R02416,0.13319194316864014
R02417,0.2402632236480713
R02418,0.1257299929857254
R02419,0.7273176908493042
R02420,0.3257425129413605
R02421,0.9187687635421753
R02422,0.14628097414970398
R02423,0.9908618330955505
R02424,0.4567965567111969
R02425,0.36253824830055237
R02426,0.9647645950317383
R02427,0.09556156396865845
R02428,0.36638134717941284
R02429,0.33975425362586975
R02430,0.26972776651382446
R02431,0.2801075279712677
R02432,0.9930366277694702
R02433,0.7431437969207764
R02434,0.054132454097270966
R02435,0.18099862337112427
R02436,0.4181225895881653
R02437,0.4754104018211365
R02438,0.19453425705432892
R02439,0.7472143173217773
R02440,0.05490154027938843
R02441,0.11234834790229797
R02442,0.1568058431148529
R02443,0.0401323102414608
R02444,0.07403068989515305
R02445,0.09920234978199005
R02446,0.18413573503494263
R02447,0.1040511280298233
R02448,0.6486611366271973
R02449,0.13440600037574768
R02450,0.39987850189208984
R02451,0.3043297827243805
R02452,0.11942572146654129
R02453,0.28428149223327637
R02454,0.7971166372299194
R02455,0.1918882429599762
R02456,0.08885692059993744
R02457,0.11355143040418625
R02458,0.3032403588294983
R02459,0.500925600528717
R02460,0.1301308423280716
R02461,0.13977624475955963
R02462,0.17002220451831818
R02463,0.3763781487941742
R02464,0.5377199649810791
R02465,0.175494983792305
R02466,0.4330544173717499
R02467,0.24272099137306213
R02468,0.6808305382728577
R02469,0.2970205545425415
R02470,0.14848437905311584
R02471,0.18429720401763916
R02472,0.1631271243095398
R02473,0.424699068069458
R02474,0.09704884886741638
R02475,0.5852035880088806
R02476,0.1363748013973236
R02477,0.43927592039108276
R02478,0.13133904337882996
R02479,0.48800408840179443
R02480,0.4374476671218872
R02481,0.21065691113471985
R02482,0.18902255594730377
R02483,0.2540324926376343
R02484,0.24484139680862427
R02485,0.24587281048297882
R02486,0.2611260414123535
R02487,0.29712995886802673
R02488,0.14251312613487244
R02489,0.14308705925941467
R02490,0.14545579254627228
R02491,0.269239217042923
R02492,0.932788074016571
R02493,0.7713470458984375
R02494,0.09915735572576523
R02495,0.3738909363746643
R02496,0.273526668548584
R02497,0.4543275237083435
R02498,0.12785303592681885
R02499,0.2288624346256256
R02500,0.15236549079418182
R02501,0.4136378765106201
R02502,0.4334859848022461
R02503,0.3958778977394104
R02504,0.24943789839744568
R02505,0.14453336596488953
R02506,0.20810455083847046
R02507,0.05072543025016785
R02508,0.10708384215831757
R02509,0.5885170102119446
R02510,0.5494197010993958
R02511,0.3756296634674072
R02512,0.3010430634021759
R02513,0.5907597541809082
R02514,0.3250215947628021
R02515,0.15443331003189087
R02516,0.13766562938690186
R02517,0.84175044298172
R02518,0.09222617745399475
R02519,0.330432653427124
R02520,0.38108527660369873
R02521,0.5212095975875854
R02522,0.21662010252475739
R02523,0.5006181597709656
R02524,0.3284117579460144
R02525,0.19129152595996857
R02526,0.1351529210805893
R02527,0.44274961948394775
R02528,0.21423518657684326
R02529,0.16102197766304016
R02530,0.25955623388290405
R02531,0.24475854635238647
R02532,0.26999300718307495
R02533,0.20433151721954346
R02534,0.0634060949087143
R02535,0.9988870024681091
R02536,0.8031330108642578
R02537,0.2198176085948944
R02538,0.08781124651432037
R02539,0.3438820242881775
R02540,0.4586540758609772
R02541,0.15476906299591064
R02542,0.19966498017311096
R02543,0.1260911524295807
R02544,0.06672767549753189
R02545,0.2352878898382187
R02546,0.5176831483840942
R02547,0.8389059901237488
R02548,0.4201304614543915
R02549,0.2669403851032257
R02550,0.4888005554676056
R02551,0.6468294262886047
R02552,0.08420268446207047
R02553,0.33461761474609375
R02554,0.5444732904434204
R02555,0.1005389541387558
R02556,0.4709276258945465
R02557,0.9176715016365051
R02558,0.2802354693412781
R02559,0.550320029258728
R02560,0.11725476384162903
R02561,0.2493053674697876
R02562,0.27915579080581665
R02563,0.5294580459594727
R02564,0.14441914856433868
R02565,0.185083270072937
R02566,0.4122539162635803
R02567,0.6718353033065796
R02568,0.231350839138031
R02569,0.2464888095855713
R02570,0.8087773323059082
R02571,0.5912697315216064
R02572,0.25276926159858704
R02573,0.7670712471008301
R02574,0.4202728569507599
R02575,0.5080357193946838
R02576,0.3306044340133667
R02577,0.36748746037483215
R02578,0.03951099142432213
R02579,0.11184880882501602
R02580,0.9313274621963501
R02581,0.2932906746864319
R02582,0.1714242845773697
R02583,0.17394623160362244
R02584,0.06800651550292969
R02585,0.22238789498806
R02586,0.3317068815231323
R02587,0.23033501207828522
R02588,0.6288056373596191
R02589,0.21504803001880646
R02590,0.1736239194869995
R02591,0.4011923670768738
R02592,0.11771611124277115
R02593,0.15080304443836212
R02594,0.20483942329883575
R02595,0.13206005096435547
R02596,0.0951482281088829
R02597,0.5311657190322876
R02598,0.4535605013370514
R02599,0.13503654301166534
R02600,0.46045905351638794
R02601,0.5391016006469727
R02602,0.0927622839808464
R02603,0.41405731439590454
R02604,0.1931876838207245
R02605,0.27984917163848877
R02606,0.2835131287574768
R02607,0.2506773769855499
R02608,0.9920154809951782
R02609,0.25549912452697754
R02610,0.6227140426635742
R02611,0.4113828241825104
R02612,0.961016833782196
R02613,0.181666761636734
R02614,0.21660757064819336
R02615,0.24998684227466583
R02616,0.19631800055503845
R02617,0.5708678364753723
R02618,0.11159481108188629
R02619,0.12915875017642975
R02620,0.21790386736392975
R02621,0.305375874042511
R02622,0.2930104434490204
R02623,0.2651631534099579
R02624,0.17121922969818115
R02625,0.06200457364320755
R02626,0.15660786628723145
R02627,0.1327395737171173
R02628,0.25021371245384216
R02629,0.09679245948791504
R02630,0.9364586472511292
R02631,0.07983475923538208
R02632,0.36426448822021484
R02633,0.31632569432258606
R02634,0.2807048261165619
R02635,0.1941419243812561
R02636,0.7743037939071655
R02637,0.2364078313112259
R02638,0.08767260611057281
R02639,0.07906864583492279
R02640,0.36630576848983765
R02641,0.2785412073135376
R02642,0.9493018984794617
R02643,0.41925710439682007
R02644,0.27976489067077637
R02645,0.30350619554519653
R02646,0.5411679148674011
R02647,0.5411771535873413
R02648,0.3838852047920227
R02649,0.5032299160957336
R02650,0.4659038782119751
R02651,0.14514851570129395
R02652,0.32134050130844116
R02653,0.20164352655410767
R02654,0.3714528977870941
R02655,0.8649433255195618
R02656,0.2994077801704407
R02657,0.9975103735923767
R02658,0.13463404774665833
R02659,0.12367305904626846
R02660,0.4569225311279297
R02661,0.9975452423095703
R02662,0.5032618045806885
R02663,0.19050827622413635
R02664,0.11228260397911072
R02665,0.060521189123392105
R02666,0.17174234986305237
R02667,0.9942783713340759
R02668,0.9957456588745117
R02669,0.14438825845718384
R02670,0.46697038412094116
R02671,0.2835753858089447
R02672,0.10809031128883362
R02673,0.2628036141395569
R02674,0.2664834260940552
R02675,0.3050112724304199
R02676,0.19345709681510925
R02677,0.13181087374687195
R02678,0.4356376528739929
R02679,0.5177584886550903
R02680,0.4707558751106262
R02681,0.052102647721767426
R02682,0.08572864532470703
R02683,0.05325864255428314
R02684,0.492975652217865
R02685,0.32472139596939087
R02686,0.4021724462509155
R02687,0.10769020020961761
R02688,0.94050133228302
R02689,0.27630308270454407
R02690,0.19646814465522766
R02691,0.24894195795059204
R02692,0.9752646684646606
R02693,0.4796140789985657
R02694,0.21595722436904907
R02695,0.08110354095697403
R02696,0.3775337338447571
R02697,0.5780489444732666
R02698,0.13203845918178558
R02699,0.406262069940567
R02700,0.18889713287353516
R02701,0.3646038770675659
R02702,0.21713648736476898
R02703,0.13347849249839783
R02704,0.09427553415298462
R02705,0.3386562466621399
R02706,0.8314982652664185
R02707,0.08003994822502136
R02708,0.9458948969841003
R02709,0.42595332860946655
R02710,0.18400751054286957
R02711,0.19422981142997742
R02712,0.2745172679424286
R02713,0.9636198282241821
R02714,0.4410911202430725
R02715,0.13891535997390747
R02716,0.9241230487823486
R02717,0.31240537762641907
R02718,0.15543752908706665
R02719,0.2164531946182251
R02720,0.5924696922302246
R02721,0.21167905628681183
R02722,0.6025355458259583
R02723,0.37808942794799805
R02724,0.8737035393714905
R02725,0.46993571519851685
R02726,0.5821245312690735
R02727,0.9787723422050476
R02728,0.6708388328552246
R02729,0.16689471900463104
R02730,0.3152349889278412
R02731,0.15020903944969177
R02732,0.06704145669937134
R02733,0.2432325780391693
R02734,0.5806077718734741
R02735,0.614654004573822
R02736,0.6360858082771301
R02737,0.12763318419456482
R02738,0.5367361903190613
R02739,0.16400933265686035
R02740,0.37022122740745544
R02741,0.413919597864151
R02742,0.99933260679245
R02743,0.13553261756896973
R02744,0.03508906438946724
R02745,0.2892031669616699
R02746,0.7730140686035156
R02747,0.4239692986011505
R02748,0.5329811573028564
R02749,0.946133553981781
R02750,0.40257376432418823
R02751,0.8959407806396484
R02752,0.16470789909362793
R02753,0.1333034485578537
R02754,0.09791000187397003
R02755,0.23819506168365479
R02756,0.18175145983695984
R02757,0.30464184284210205
R02758,0.1443948745727539
R02759,0.17524918913841248
R02760,0.6330443024635315
R02761,0.24575144052505493
R02762,0.27079012989997864
R02763,0.23731926083564758
R02764,0.4484572112560272
R02765,0.12891638278961182
R02766,0.1218477413058281
R02767,0.4786543846130371
R02768,0.48813796043395996
R02769,0.10296741127967834
R02770,0.14122849702835083
R02771,0.10275031626224518
R02772,0.13588707149028778
R02773,0.38939231634140015
R02774,0.9967123866081238
R02775,0.3633851110935211
R02776,0.5314724445343018
R02777,0.33380624651908875
R02778,0.30824342370033264
R02779,0.10305555164813995
R02780,0.5764108896255493
R02781,0.4594179391860962
R02782,0.2274121642112732
R02783,0.12208066880702972
R02784,0.17156076431274414
R02785,0.3394129276275635
R02786,0.35672295093536377
R02787,0.3779956102371216
R02788,0.3529450297355652
R02789,0.14206735789775848
R02790,0.20422974228858948
R02791,0.8566652536392212
R02792,0.1711268573999405
R02793,0.10396450757980347
R02794,0.4052773118019104
R02795,0.37607941031455994
R02796,0.05376976728439331
R02797,0.11542543768882751
R02798,0.2039082944393158
R02799,0.1205512210726738
R02800,0.9971153140068054
R02801,0.3255051076412201
R02802,0.5065200328826904
R02803,0.1236247792840004
R02804,0.9496233463287354
R02805,0.16295811533927917
R02806,0.24502520263195038
R02807,0.2512216567993164
R02808,0.2859964668750763
R02809,0.158893883228302
R02810,0.96058589220047
R02811,0.2641272246837616
R02812,0.7822481393814087
R02813,0.5029550194740295
R02814,0.3741355538368225
R02815,0.39172065258026123
R02816,0.12206920981407166
R02817,0.12795719504356384
R02818,0.279920756816864
R02819,0.9999673366546631
R02820,0.16754494607448578
R02821,0.055951498448848724
R02822,0.27301234006881714
R02823,0.5191969871520996
R02824,0.10107344388961792
R02825,0.08481644093990326
R02826,0.11854973435401917
R02827,0.1960042268037796
R02828,0.05167248845100403
R02829,0.8674750924110413
R02830,0.49044114351272583
R02831,0.06719842553138733
R02832,0.5348148345947266
R02833,0.2776055634021759
R02834,0.2127843201160431
R02835,0.5018342733383179
R02836,0.15626077353954315
R02837,0.37943893671035767
R02838,0.17170366644859314
R02839,0.08241003751754761
R02840,0.07778720557689667
R02841,0.2051326036453247
R02842,0.08120640367269516
R02843,0.1910344958305359
R02844,0.9998296499252319
R02845,0.2146344631910324
R02846,0.6353558897972107
R02847,0.49931010603904724
R02848,0.36066165566444397
R02849,0.530535876750946
R02850,0.3456331789493561
R02851,0.19847193360328674
R02852,0.3841426968574524
R02853,0.14289821684360504
R02854,0.28732311725616455
R02855,0.2367078810930252
R02856,0.4249715805053711
R02857,0.6669406890869141
R02858,0.8354049324989319
R02859,0.09960018843412399
R02860,0.37075549364089966
R02861,0.17914995551109314
R02862,0.129909485578537
R02863,0.4788554906845093
R02864,0.7461029291152954
R02865,0.2834334373474121
R02866,0.09883905947208405
R02867,0.15434034168720245
R02868,0.19390389323234558
R02869,0.16182735562324524
R02870,0.3898863196372986
R02871,0.18573331832885742
R02872,0.11118412762880325
R02873,0.14746885001659393
R02874,0.22321631014347076
R02875,0.12195850163698196
R02876,0.5482916831970215
R02877,0.28769686818122864
R02878,0.1253979206085205
R02879,0.9953500032424927
R02880,0.2184726893901825
R02881,0.1801856905221939
R02882,0.2277662754058838
R02883,0.9500696659088135
R02884,0.16846029460430145
R02885,0.32042863965034485
R02886,0.13867537677288055
R02887,0.34777095913887024
R02888,0.12579555809497833
R02889,0.6328673958778381
R02890,0.11371959000825882
R02891,0.10265135765075684
R02892,0.22771330177783966
R02893,0.5440260767936707
R02894,0.9821200370788574
R02895,0.15681061148643494
R02896,0.1542307436466217
R02897,0.41005444526672363
R02898,0.2725133001804352
R02899,0.052214644849300385
R02900,0.15647757053375244
R02901,0.45898860692977905
R02902,0.33559682965278625
R02903,0.10475004464387894
R02904,0.027820099145174026
R02905,0.9365531802177429
R02906,0.3594095706939697
R02907,0.19956731796264648
R02908,0.3325583040714264
R02909,0.4407403767108917
R02910,0.6832156181335449
R02911,0.2839706540107727
R02912,0.9228026270866394
R02913,0.2556511461734772
R02914,0.22196891903877258
R02915,0.999813437461853
R02916,0.2447740137577057
R02917,0.9742398858070374
R02918,0.6712692975997925
R02919,0.20894871652126312
R02920,0.23353007435798645
R02921,0.47970008850097656
R02922,0.24697980284690857
R02923,0.7389039993286133
R02924,0.3176642060279846
R02925,0.36864301562309265
R02926,0.10618574917316437
R02927,0.5331372618675232
R02928,0.15925712883472443
R02929,0.7266255021095276
R02930,0.49502086639404297
R02931,0.32325637340545654
R02932,0.30282628536224365
R02933,0.8317134380340576
R02934,0.5591845512390137
R02935,0.20015540719032288
R02936,0.09611813724040985
R02937,0.6021496653556824
R02938,0.6409377455711365
R02939,0.39546066522598267
R02940,0.19028930366039276
R02941,0.43245255947113037
R02942,0.9113346338272095
R02943,0.38509300351142883
R02944,0.1501716822385788
R02945,0.29996928572654724
R02946,0.8724992871284485
R02947,0.3286997377872467
R02948,0.14393797516822815
R02949,0.07776962220668793
R02950,0.33646121621131897
R02951,0.3766542971134186
R02952,0.8867629766464233
R02953,0.9908221960067749
R02954,0.0978962779045105
R02955,0.26916372776031494
R02956,0.12759125232696533
R02957,0.9827916622161865
R02958,0.44425511360168457
R02959,0.11427020281553268
R02960,0.0997018814086914
R02961,0.2764279246330261
R02962,0.4369875192642212
R02963,0.6197776198387146
R02964,0.04986684024333954
R02965,0.35047587752342224
R02966,0.10388022661209106
R02967,0.26260286569595337
R02968,0.09473124146461487
R02969,0.608199954032898
R02970,0.19740146398544312
R02971,0.9816082715988159
R02972,0.40654000639915466
R02973,0.775679349899292
R02974,0.06962059438228607
R02975,0.30981916189193726
R02976,0.2718549072742462
R02977,0.8750689625740051
R02978,0.09325680136680603
R02979,0.3163915276527405
R02980,0.19138820469379425
R02981,0.2308056354522705
R02982,0.12349146604537964
R02983,0.2269568294286728
R02984,0.2685239017009735
R02985,0.17361348867416382
R02986,0.5345629453659058
R02987,0.11796319484710693
R02988,0.2143944501876831
R02989,0.4230654239654541
R02990,0.8214966654777527
R02991,0.20334932208061218
R02992,0.7688282132148743
R02993,0.3527514934539795
R02994,0.11031326651573181
R02995,0.10483288019895554
R02996,0.22967785596847534
R02997,0.31011641025543213
R02998,0.2720049023628235
R02999,0.116878442466259
R03000,0.9941480755805969
R03001,0.6122136116027832
R03002,0.9965702295303345
R03003,0.06101924926042557
R03004,0.7118646502494812
R03005,0.42080360651016235
R03006,0.1565186083316803
R03007,0.17264804244041443
R03008,0.999534010887146
R03009,0.5340108275413513
R03010,0.2864367365837097
R03011,0.12476180493831635
R03012,0.357316255569458
R03013,0.38333410024642944
R03014,0.1263381540775299
R03015,0.08259495347738266
R03016,0.3768315613269806
R03017,0.06671994924545288
R03018,0.34085291624069214
R03019,0.9239304065704346
R03020,0.37341737747192383
R03021,0.26106658577919006
R03022,0.48663395643234253
R03023,0.3531877398490906
R03024,0.2969457507133484
R03025,0.2931268811225891
R03026,0.06755344569683075
R03027,0.6446682810783386
R03028,0.27986806631088257
R03029,0.36346298456192017
R03030,0.6156396865844727
R03031,0.4980177581310272
R03032,0.8907100558280945
R03033,0.9951675534248352
R03034,0.5644373297691345
R03035,0.7285876274108887
R03036,0.4086284339427948
R03037,0.1126641258597374
R03038,0.3274809420108795
R03039,0.20506194233894348
R03040,0.2028321623802185
R03041,0.11548367887735367
R03042,0.09251952171325684
R03043,0.05963157117366791
R03044,0.6762636303901672
R03045,0.34195151925086975
R03046,0.3498726785182953
R03047,0.09167447686195374
R03048,0.12295600026845932
R03049,0.1898469179868698
R03050,0.4670264422893524
R03051,0.28499048948287964
R03052,0.3322064280509949
R03053,0.39846232533454895
R03054,0.2931895852088928
R03055,0.09362025558948517
R03056,0.8225054740905762
R03057,0.0769544318318367
R03058,0.1540156751871109
R03059,0.5889784693717957
R03060,0.29579615592956543
R03061,0.12615305185317993
R03062,0.11216666549444199
R03063,0.06841762363910675
R03064,0.8523629307746887
R03065,0.4763692319393158
R03066,0.39950495958328247
R03067,0.23742415010929108
R03068,0.41667336225509644
R03069,0.9774921536445618
R03070,0.09177730977535248
R03071,0.35904979705810547
R03072,0.203582763671875
R03073,0.3034783601760864
R03074,0.2463255226612091
R03075,0.24451744556427002
R03076,0.27153798937797546
R03077,0.19166362285614014
R03078,0.6139020919799805
R03079,0.09078118205070496
R03080,0.5931729078292847
R03081,0.9978688359260559
R03082,0.6937720775604248
R03083,0.21645382046699524
R03084,0.2921242415904999
R03085,0.05406869575381279
R03086,0.07671590149402618
R03087,0.15672987699508667
R03088,0.5494484305381775
R03089,0.4493069350719452
R03090,0.14165356755256653
R03091,0.2705930471420288
R03092,0.25491195917129517
R03093,0.18605904281139374
R03094,0.36906880140304565
R03095,0.14893607795238495
R03096,0.08896637707948685
R03097,0.10941147059202194
R03098,0.20307880640029907
R03099,0.2757416069507599
R03100,0.0692552775144577
R03101,0.38124409317970276
R03102,0.2936701476573944
R03103,0.4194614291191101
R03104,0.1347508430480957
R03105,0.6872760057449341
R03106,0.15042947232723236
R03107,0.4967420697212219
R03108,0.35997146368026733
R03109,0.3844262659549713
R03110,0.9892594814300537
R03111,0.08972498029470444
R03112,0.12754473090171814
R03113,0.20079220831394196
R03114,0.298009991645813
R03115,0.21887560188770294
R03116,0.13626578450202942
R03117,0.815230131149292
R03118,0.07971668243408203
R03119,0.3422430455684662
R03120,0.3914714455604553
R03121,0.31606537103652954
R03122,0.5334397554397583
R03123,0.2189929485321045
R03124,0.14581282436847687
R03125,0.39678895473480225
R03126,0.61170494556427
R03127,0.12403044104576111
R03128,0.0766117125749588
R03129,0.5369799137115479
R03130,0.29171913862228394
R03131,0.29418566823005676
R03132,0.4157000780105591
R03133,0.8790263533592224
R03134,0.06270015239715576
R03135,0.2656802833080292
R03136,0.16634729504585266
R03137,0.1405869424343109
R03138,0.7273498177528381
R03139,0.45475924015045166
R03140,0.24062494933605194
R03141,0.16829276084899902
R03142,0.45702219009399414
R03143,0.0836593359708786
R03144,0.1078796312212944
R03145,0.18486273288726807
R03146,0.31372755765914917
R03147,0.1779450625181198
R03148,0.2922142744064331
R03149,0.3253527283668518
R03150,0.5598583817481995
R03151,0.4329773187637329
R03152,0.18164201080799103
R03153,0.20969347655773163
R03154,0.2026372104883194
R03155,0.059096626937389374
R03156,0.6421892642974854
R03157,0.46801719069480896
R03158,0.32573312520980835
R03159,0.09002925455570221
R03160,0.37020552158355713
R03161,0.24116528034210205
R03162,0.08279894292354584
R03163,0.48038196563720703
R03164,0.3028506934642792
R03165,0.17464673519134521
R03166,0.39918825030326843
R03167,0.3234022557735443
R03168,0.41095173358917236
R03169,0.39796310663223267
R03170,0.11730970442295074
R03171,0.5400950908660889
R03172,0.548482358455658
R03173,0.38039135932922363
R03174,0.08761946856975555
R03175,0.09840840101242065
R03176,0.46217527985572815
R03177,0.9972769618034363
R03178,0.28818362951278687
R03179,0.2618749439716339
R03180,0.4845855236053467
R03181,0.19816842675209045
R03182,0.22440892457962036
R03183,0.3900129795074463
R03184,0.5874019861221313
R03185,0.19508740305900574
R03186,0.4477798640727997
R03187,0.0882306918501854
R03188,0.26633313298225403
R03189,0.0732966810464859
R03190,0.4104572534561157
R03191,0.2312586009502411
R03192,0.6730769276618958
R03193,0.35961657762527466
R03194,0.8969056606292725
R03195,0.3298989534378052
R03196,0.5972041487693787
R03197,0.18803146481513977
R03198,0.11902854591608047
R03199,0.7615177035331726
R03200,0.5141066908836365
R03201,0.14200086891651154
R03202,0.5424705743789673
R03203,0.462959885597229
R03204,0.10310417413711548
R03205,0.1517237275838852
R03206,0.24643506109714508
R03207,0.28775647282600403
R03208,0.26820287108421326
R03209,0.1165282353758812
R03210,0.23608869314193726
R03211,0.0759974867105484
R03212,0.8779676556587219
R03213,0.25104013085365295
R03214,0.3529748320579529
R03215,0.2491176575422287
R03216,0.057305820286273956
R03217,0.3306819200515747
R03218,0.219135582447052
R03219,0.10771644115447998
R03220,0.9280482530593872
R03221,0.18484972417354584
R03222,0.31450894474983215
R03223,0.1752491593360901
R03224,0.9524906873703003
R03225,0.6496313810348511
R03226,0.40414148569107056
R03227,0.14130227267742157
R03228,0.31647664308547974
R03229,0.3460700213909149
R03230,0.40877050161361694
R03231,0.18278995156288147
R03232,0.3260030150413513
R03233,0.9966152906417847
R03234,0.39753422141075134
R03235,0.9979838132858276
R03236,0.058924078941345215
R03237,0.43439751863479614
R03238,0.24866469204425812
R03239,0.8419419527053833
R03240,0.053928472101688385
R03241,0.18429094552993774
R03242,0.23590008914470673
R03243,0.08903071284294128
R03244,0.2012513130903244
R03245,0.8411470651626587
R03246,0.10069920867681503
R03247,0.9088481664657593
R03248,0.17825332283973694
R03249,0.3934597969055176
R03250,0.1301352083683014
R03251,0.06959335505962372
R03252,0.28542807698249817
R03253,0.7788512110710144
R03254,0.7822532653808594
R03255,0.1043601706624031
R03256,0.2195269614458084
R03257,0.15032429993152618
R03258,0.09470528364181519
R03259,0.12054632604122162
R03260,0.45690304040908813
R03261,0.2323603630065918
R03262,0.48841995000839233
R03263,0.9700861573219299
R03264,0.5685714483261108
R03265,0.12971433997154236
R03266,0.09458809345960617
R03267,0.3937724232673645
R03268,0.3571842312812805
R03269,0.706413745880127
R03270,0.5411192774772644
R03271,0.3842041790485382
R03272,0.6466885209083557
R03273,0.48836126923561096
R03274,0.9755945205688477
R03275,0.2796593904495239
R03276,0.10206302255392075
R03277,0.06943881511688232
R03278,0.31980863213539124
R03279,0.5244161486625671
R03280,0.20292353630065918
R03281,0.4658883213996887
R03282,0.1860528290271759
R03283,0.3070034086704254
R03284,0.11293134093284607
R03285,0.5239397287368774
R03286,0.9776461124420166
R03287,0.14182578027248383
R03288,0.062253087759017944
R03289,0.106124147772789
R03290,0.5877974033355713
R03291,0.3183799684047699
R03292,0.22390025854110718
R03293,0.24206891655921936
R03294,0.17483939230442047
R03295,0.1523461639881134
R03296,0.608603835105896
R03297,0.4642604887485504
R03298,0.37848109006881714
R03299,0.13041070103645325
R03300,0.3131716847419739
R03301,0.07315205037593842
R03302,0.5150964260101318
R03303,0.0953051745891571
R03304,0.12114667892456055
R03305,0.3586413860321045
R03306,0.42291557788848877
R03307,0.11688694357872009
R03308,0.30715474486351013
R03309,0.25490236282348633
R03310,0.31675776839256287
R03311,0.5295358300209045
R03312,0.40272870659828186
R03313,0.3828344941139221
R03314,0.6083985567092896
R03315,0.08420732617378235
R03316,0.4049229621887207
R03317,0.18974147737026215
R03318,0.24253219366073608
R03319,0.23652973771095276
R03320,0.17384976148605347
R03321,0.9942992329597473
R03322,0.5392588973045349
R03323,0.4066031575202942
R03324,0.24696172773838043
R03325,0.5390299558639526
R03326,0.19572953879833221
R03327,0.18867313861846924
R03328,0.18945159018039703
R03329,0.3521692752838135
R03330,0.15371473133563995
R03331,0.15002936124801636
R03332,0.29215797781944275
R03333,0.32620465755462646
R03334,0.9992278814315796
R03335,0.039197564125061035
R03336,0.26412495970726013
R03337,0.18965891003608704
R03338,0.3090267777442932
R03339,0.08351463079452515
R03340,0.8834800720214844
R03341,0.2517455816268921
R03342,0.20262375473976135
R03343,0.341292142868042
R03344,0.2035779356956482
R03345,0.33406925201416016
R03346,0.27393612265586853
R03347,0.7488114237785339
R03348,0.12788662314414978
