review_id,txt_minilm_p
R00001,0.46250310094789027
R00002,0.9854763609408572
R00003,0.3887052751316372
R00004,0.515337574046191
R00005,0.4420029787423655
R00006,0.24357423646260093
R00007,0.3155983525432618
R00008,0.9064492734169739
R00009,0.8383583242939586
R00010,0.8139421037062969
R00011,0.8724847765339135
R00012,0.938332733191786
R00013,0.9698618845344342
R00014,0.3988185430093587
R00015,0.31240868116977
R00016,0.20264416736732632
R00017,0.23838350151956902
R00018,0.9010860267245002
R00019,0.3881366488239773
R00020,0.32478658927592624
R00021,0.9821653435512291
R00022,0.3343710057917314
R00023,0.2234230637699715
R00024,0.9915923295110051
R00025,0.39162569765510197
R00026,0.3523382703057039
R00027,0.43070311581203324
R00028,0.9929710931334893
R00029,0.9903149020768267
R00030,0.16963077457352424
R00031,0.09930596539204811
R00032,0.27045486402356184
R00033,0.2972710329531294
R00034,0.10221258827817704
R00035,0.9639530065953257
R00036,0.798253542999878
R00037,0.5894573157349847
R00038,0.9167984541859528
R00039,0.33728002690372216
R00040,0.30790743801800946
R00041,0.3542161129647891
R00042,0.19321130164275474
R00043,0.4085501868856453
R00044,0.9398661282179693
R00045,0.22188297400450757
R00046,0.2839374915175645
R00047,0.23101421815083462
R00048,0.9635247097302131
R00049,0.9513270155863578
R00050,0.6933307039823217
R00051,0.18366152877136052
R00052,0.9223920778434426
R00053,0.1430833372771893
R00054,0.28453727390022837
R00055,0.19528343956593597
R00056,0.9089595811008379
R00057,0.4561809818369475
R00058,0.35579176952776975
R00059,0.5776888797746434
R00060,0.5864299647935052
R00061,0.9924224609797511
R00062,0.9857154079004742
R00063,0.18761116066856154
R00064,0.8672473603591082
R00065,0.9768833026550549
R00066,0.9768269895739847
R00067,0.16489864783424574
R00068,0.8905664956494189
R00069,0.24786998791525214
R00070,0.2042399666550958
R00071,0.5289637885088735
R00072,0.3394570720606146
R00073,0.9860247923674226
R00074,0.9567680969996889
R00075,0.663434321192254
R00076,0.33206569537587877
R00077,0.3117954570314847
R00078,0.9843735628205421
R00079,0.19183976894135304
R00080,0.3987799580749991
R00081,0.27363883539084183
R00082,0.32841241874358645
R00083,0.8801178601157708
R00084,0.9899056836466336
R00085,0.2713706479775429
R00086,0.48865001297156285
R00087,0.8105455141394367
R00088,0.4154432168827596
R00089,0.246571284308554
R00090,0.23347214412938158
R00091,0.21736953855320462
R00092,0.16186784516768968
R00093,0.18437478596165344
R00094,0.17393780910649242
R00095,0.989982711557793
R00096,0.3793613621395783
R00097,0.35231446994692106
R00098,0.19221774496053354
R00099,0.9127898725431041
R00100,0.9221609032044156
R00101,0.8645841718159896
R00102,0.8296021501344918
R00103,0.25559578256242305
R00104,0.35921685690771266
R00105,0.29894115595222254
R00106,0.9566315119383925
R00107,0.9454764255188879
R00108,0.4166460122178753
R00109,0.5396812912436685
R00110,0.9896744649260487
R00111,0.35978297754049315
R00112,0.2509054845886629
R00113,0.04882743326872734
R00114,0.34631606702350554
R00115,0.3782855794481158
R00116,0.5222736567436628
R00117,0.6749070565050803
R00118,0.21472115896400176
R00119,0.17505439294918543
R00120,0.9068707272425368
R00121,0.26296768820569427
R00122,0.09974732881156646
R00123,0.9329589050180771
R00124,0.2324089307725949
R00125,0.42342655517559846
R00126,0.9610595609870357
R00127,0.22019464323986215
R00128,0.345176178768821
R00129,0.9357803164437445
R00130,0.13738740586835016
R00131,0.7263201630112726
R00132,0.12944636746353616
R00133,0.9964088421252291
R00134,0.3251868006853755
R00135,0.17495921908364398
R00136,0.9572370839225379
R00137,0.35462239858904937
R00138,0.41159101655762653
R00139,0.4291306393659225
R00140,0.4046920223074376
R00141,0.9818359372831337
R00142,0.5051340443802896
R00143,0.2502208410104173
R00144,0.21538890211364728
R00145,0.45494312529341363
R00146,0.8729116398515159
R00147,0.3779056073973056
R00148,0.8854662511318275
R00149,0.23330797703175823
R00150,0.9604229130910242
R00151,0.14219394643591987
R00152,0.22815631751037477
R00153,0.5404748743638412
R00154,0.997104531880189
R00155,0.9730646048374545
R00156,0.9413754374820388
R00157,0.4163374837855845
R00158,0.1636797934239847
R00159,0.31996169056424356
R00160,0.38487954009064446
R00161,0.8552878070313096
R00162,0.28408042782062676
R00163,0.15173884735920476
R00164,0.3751002554675671
R00165,0.3618372547300176
R00166,0.970374709114618
R00167,0.9905061908334593
R00168,0.37132807636043547
R00169,0.9832998411091739
R00170,0.9786654643428075
R00171,0.5044287532272217
R00172,0.14086109247087936
R00173,0.3356709843065228
R00174,0.9528891535369411
R00175,0.3866910644895449
R00176,0.3538120113251796
R00177,0.9695226161512975
R00178,0.34799843485036736
R00179,0.2091756433640496
R00180,0.14094746493296745
R00181,0.4052901697616635
R00182,0.28413597153061537
R00183,0.45209282193004324
R00184,0.30927584802201435
R00185,0.9761503818240739
R00186,0.9271891583900642
R00187,0.9794541612615875
R00188,0.24783340800361098
R00189,0.9935046271312886
R00190,0.3868354829160793
R00191,0.3321011529264219
R00192,0.9291663931290555
R00193,0.9428504180532228
R00194,0.4954821223806751
R00195,0.47877956181289694
R00196,0.28191177939336487
R00197,0.8310088863135832
R00198,0.2345578697107509
R00199,0.3058867024085584
R00200,0.4779872190190122
R00201,0.21323605377939245
R00202,0.3490291521194766
R00203,0.1246729291062873
R00204,0.9591725933040797
R00205,0.3205197534476575
R00206,0.39517242920410556
R00207,0.37050959994505167
R00208,0.36615770554858423
R00209,0.3755930228141617
R00210,0.306733652654227
R00211,0.29597334549975185
R00212,0.22623160307742474
R00213,0.23545714253243777
R00214,0.9531555446466838
R00215,0.928636078985156
R00216,0.3832302405703427
R00217,0.2651407243043543
R00218,0.5984809313611603
R00219,0.5513371337825265
R00220,0.38764272936478217
R00221,0.16660713598911298
R00222,0.3490705759969677
R00223,0.9194880912113678
R00224,0.3056528251153759
R00225,0.277431007884933
R00226,0.3065196936349238
R00227,0.2728262902647824
R00228,0.38887163355672005
R00229,0.22267685547234006
R00230,0.14393168417575225
R00231,0.9455052635713199
R00232,0.9619578531518009
R00233,0.10333745794424606
R00234,0.8118378900703361
R00235,0.505482019435768
R00236,0.9496116099061914
R00237,0.8962495614342803
R00238,0.21170703506882513
R00239,0.22963484580708637
R00240,0.22646868308836862
R00241,0.09738646512428548
R00242,0.6574263029509829
R00243,0.9787031786576698
R00244,0.8646011672498574
R00245,0.19898950110695193
R00246,0.17387691277096934
R00247,0.14575395610928096
R00248,0.13012581397322115
R00249,0.9752801053076336
R00250,0.3274437253597893
R00251,0.5485574288905771
R00252,0.23283490996005413
R00253,0.8966131937688308
R00254,0.21112899409514085
R00255,0.13684670837846413
R00256,0.5386683035309456
R00257,0.3560031985067685
R00258,0.46202109557164467
R00259,0.49244324309983906
R00260,0.5075705112599364
R00261,0.9604951654970206
R00262,0.43926272358342205
R00263,0.9635278305754066
R00264,0.2757268760655276
R00265,0.31806882478088333
R00266,0.9906880888003922
R00267,0.2728227170130649
R00268,0.14904740885621878
R00269,0.9681639224810514
R00270,0.8742366277492768
R00271,0.9758899932440981
R00272,0.1602569047854704
R00273,0.7487774854717322
R00274,0.32348694457893257
R00275,0.17821989856141285
R00276,0.508153279319726
R00277,0.24686526235563397
R00278,0.9430024643323607
R00279,0.10537519506823748
R00280,0.43263068180767617
R00281,0.16787669903998276
R00282,0.27073159369618327
R00283,0.17492898892447814
R00284,0.08258176991861714
R00285,0.32169471258957677
R00286,0.5959650933332811
R00287,0.2645726999017141
R00288,0.4209631406004975
R00289,0.9889531278702632
R00290,0.41199678230227726
R00291,0.37492668720311917
R00292,0.3258667288630477
R00293,0.1691563099681367
R00294,0.9658084213477945
R00295,0.5278100447377605
R00296,0.42624284111934413
R00297,0.3620509571800568
R00298,0.9880738421237891
R00299,0.1507809709045747
R00300,0.9571438580195998
R00301,0.15835917195287758
R00302,0.40610640488892014
R00303,0.9727250674916345
R00304,0.2241437415661389
R00305,0.1773835798783621
R00306,0.46868485434078194
R00307,0.06957674595770408
R00308,0.31959827079207126
R00309,0.8851790322245716
R00310,0.9640372621357863
R00311,0.14957850772786696
R00312,0.41128348069534826
R00313,0.97421569295112
R00314,0.368222239811735
R00315,0.9803438761275146
R00316,0.9920292391818624
R00317,0.9907439712158638
R00318,0.346614829672662
R00319,0.4630192405310282
R00320,0.18727469544847059
R00321,0.25763817631427105
R00322,0.9762655612565255
R00323,0.3783150397322023
R00324,0.4000518243820304
R00325,0.9284606068576174
R00326,0.34967303515563336
R00327,0.9610595108827263
R00328,0.10845940365791151
R00329,0.2980847746773198
R00330,0.40668866672114595
R00331,0.9859467978954484
R00332,0.28421660520824443
R00333,0.23384293708875817
R00334,0.13947436044388084
R00335,0.25636325213614897
R00336,0.13265200277032996
R00337,0.0842130663518558
R00338,0.21907842255980034
R00339,0.2327097932820307
R00340,0.3537167470246016
R00341,0.41111927061437775
R00342,0.8997036225865922
R00343,0.3131307022644074
R00344,0.14795235550989877
R00345,0.36505938757487344
R00346,0.9006908732505235
R00347,0.24433848506886294
R00348,0.0870123814071589
R00349,0.19220718062968328
R00350,0.4382905311919201
R00351,0.19341632843703188
R00352,0.1315546545007015
R00353,0.25014980435174927
R00354,0.14827849679891492
R00355,0.3265265590933423
R00356,0.17231138328231854
R00357,0.252245586235851
R00358,0.9613708710606499
R00359,0.8079526472355031
R00360,0.4044129907071205
R00361,0.3595261239040813
R00362,0.9914132897960858
R00363,0.48001418938234397
R00364,0.5379674637054505
R00365,0.24036371420464728
R00366,0.7883652360589343
R00367,0.9621148742673498
R00368,0.9233606516639132
R00369,0.25581935086692337
R00370,0.13452148924284513
R00371,0.278795522125163
R00372,0.28383346145779104
R00373,0.2516855472857837
R00374,0.48977166813773837
R00375,0.9695520872368821
R00376,0.2001885283522111
R00377,0.37351129841645403
R00378,0.1980217852323353
R00379,0.24552531170692407
R00380,0.9624996031114107
R00381,0.10982790599888645
R00382,0.1225164582718572
R00383,0.46808968149513547
R00384,0.11096938259333619
R00385,0.4703576436048592
R00386,0.9948540183264215
R00387,0.4235518444834593
R00388,0.9344612308296961
R00389,0.9865968084746005
R00390,0.11333654315705123
R00391,0.9941851046081349
R00392,0.2534813092853604
R00393,0.16220179035703206
R00394,0.2352894881317124
R00395,0.16138248212949638
R00396,0.9913754839884223
R00397,0.20733384948317052
R00398,0.9854621801571091
R00399,0.8767602483676524
R00400,0.471619329821307
R00401,0.22721703477290406
R00402,0.7254478558990101
R00403,0.373408414229058
R00404,0.44531880915406263
R00405,0.6575313820833478
R00406,0.9574972267673515
R00407,0.16016259808083416
R00408,0.37936610092850503
R00409,0.24499341559471355
R00410,0.5108830692635622
R00411,0.3113414999930602
R00412,0.16030846251225503
R00413,0.43489568683534374
R00414,0.959206559159004
R00415,0.9915388116071046
R00416,0.5568639697159328
R00417,0.19076256392176566
R00418,0.9299369531816505
R00419,0.3669492333963943
R00420,0.18928314484375322
R00421,0.15806782960374108
R00422,0.19975595468713703
R00423,0.38746289055701666
R00424,0.3492358787993644
R00425,0.5004753509511337
R00426,0.27049542134441723
R00427,0.3801032965561365
R00428,0.3209598333634141
R00429,0.2021226187309409
R00430,0.19960693914308036
R00431,0.17473217535702243
R00432,0.6154600408717414
R00433,0.18477406138376845
R00434,0.3079792653940405
R00435,0.2562300869802489
R00436,0.9810275434647835
R00437,0.2752443320126023
R00438,0.5636645500194101
R00439,0.9814605199724584
R00440,0.337930459999373
R00441,0.4553867257626234
R00442,0.9949033930008964
R00443,0.17529567743136215
R00444,0.9726716091230256
R00445,0.23476988086727354
R00446,0.3255387829125976
R00447,0.14850122924547324
R00448,0.2704510994539834
R00449,0.12362521261747851
R00450,0.6659670716174106
R00451,0.48811151378468076
R00452,0.4466347476748091
R00453,0.9646985371790986
R00454,0.4869390069603036
R00455,0.5117674571066534
R00456,0.37020809059307386
R00457,0.9711421971882926
R00458,0.9810675523473636
R00459,0.6209567050406627
R00460,0.9274753592733123
R00461,0.27581818947541814
R00462,0.9132757572806205
R00463,0.9933169233507166
R00464,0.9968581513150054
R00465,0.3135860278453497
R00466,0.37424172821511265
R00467,0.23399465312612772
R00468,0.9819013389244513
R00469,0.9214434133358893
R00470,0.6540415998816568
R00471,0.20664530568982142
R00472,0.15172465719710498
R00473,0.3689646811985053
R00474,0.43491453419081355
R00475,0.594592447598687
R00476,0.2940106568272454
R00477,0.2685678208273313
R00478,0.19286907320980234
R00479,0.15590991830935377
R00480,0.991563679703558
R00481,0.39356625686547614
R00482,0.37983588719035866
R00483,0.27640594765078697
R00484,0.4639292634076739
R00485,0.4164335686498463
R00486,0.501187902262425
R00487,0.9762824730487617
R00488,0.3394607589210281
R00489,0.6655805753939602
R00490,0.9979074187844569
R00491,0.4030493387321695
R00492,0.3020352538204412
R00493,0.22413868707394063
R00494,0.9899218988234318
R00495,0.7087787281657945
R00496,0.9204850951610591
R00497,0.9246946678539453
R00498,0.28550308783444117
R00499,0.17046958732109313
R00500,0.10163236640250087
R00501,0.9908062619684093
R00502,0.9700361256930135
R00503,0.15673967301394698
R00504,0.2446136497162545
R00505,0.23299878400900959
R00506,0.9954465299058339
R00507,0.20714305154600363
R00508,0.44510572272801197
R00509,0.5010565555721522
R00510,0.04438471916234374
R00511,0.3959539222289218
R00512,0.48867535315798927
R00513,0.6929074487761232
R00514,0.9634699903757259
R00515,0.23990739555887328
R00516,0.27774478758033627
R00517,0.3027561012927534
R00518,0.17348142725968232
R00519,0.442224706013352
R00520,0.22752305195915215
R00521,0.4580651975823404
R00522,0.45357034607772556
R00523,0.19903223835881223
R00524,0.3994444870025908
R00525,0.15438965151655734
R00526,0.1411567141969389
R00527,0.22783350542967074
R00528,0.5376373516076487
R00529,0.3488718443653545
R00530,0.3389050926751252
R00531,0.8951486850792141
R00532,0.19238823232517618
R00533,0.36302810227116705
R00534,0.45591682233388026
R00535,0.3419009529836965
R00536,0.23313581979553655
R00537,0.28379533080927505
R00538,0.1698371566829949
R00539,0.5191247663027383
R00540,0.9945413494681576
R00541,0.2434381472774942
R00542,0.250892653947644
R00543,0.13902090287421223
R00544,0.9900644192027716
R00545,0.3830181536956885
R00546,0.9911828859396972
R00547,0.15129678458852733
R00548,0.34614545111464684
R00549,0.22151702908716975
R00550,0.5217487648963024
R00551,0.4109374625210247
R00552,0.2785230301417767
R00553,0.14189817952427755
R00554,0.33800745632185747
R00555,0.42507566557677945
R00556,0.9853408464768894
R00557,0.3197646432969262
R00558,0.22008424355015896
R00559,0.9373531515585093
R00560,0.24331697302863128
R00561,0.9353017730339307
R00562,0.9896081107632716
R00563,0.3020234303131181
R00564,0.9260203551326797
R00565,0.23350522259170375
R00566,0.9811738301445804
R00567,0.3712156800199455
R00568,0.8839433510386686
R00569,0.21939984897606726
R00570,0.33204432592623373
R00571,0.5558474258877459
R00572,0.35901348871880356
R00573,0.5115220991157413
R00574,0.47449151191557315
R00575,0.9335012341172654
R00576,0.43258340414917945
R00577,0.3706213683238346
R00578,0.27290726548661465
R00579,0.9866029205534022
R00580,0.5055464288872481
R00581,0.2337704212431746
R00582,0.502108656546022
R00583,0.23621644658400928
R00584,0.12407563251855931
R00585,0.623677928767472
R00586,0.30427351290946614
R00587,0.22417969573975735
R00588,0.3220371849440911
R00589,0.4236017106345514
R00590,0.2614898372745656
R00591,0.18987017541732262
R00592,0.10863937107925727
R00593,0.3022768843042796
R00594,0.9599780650709326
R00595,0.23728678228182062
R00596,0.17152098661315723
R00597,0.24736993069705934
R00598,0.22154378376802975
R00599,0.9943030232575027
R00600,0.15787845026094327
R00601,0.9941905090749827
R00602,0.40182200506586807
R00603,0.9911105708872084
R00604,0.21806509794563134
R00605,0.2477804310567621
R00606,0.06905534920855241
R00607,0.9558401807712108
R00608,0.11114975766927672
R00609,0.4808599043323783
R00610,0.3842375624955001
R00611,0.3558840025668311
R00612,0.2868062769820718
R00613,0.4523119667159832
R00614,0.9549664937023047
R00615,0.2681234620469459
R00616,0.32614823222176353
R00617,0.26162101695542395
R00618,0.9686320918883262
R00619,0.9836873382309331
R00620,0.9517883136341272
R00621,0.3694053642760624
R00622,0.630904794346633
R00623,0.15295089837153536
R00624,0.49246677893061036
R00625,0.4157355276547445
R00626,0.1931590053864462
R00627,0.09917707480109782
R00628,0.4689101170946228
R00629,0.18368576843406972
R00630,0.32064153738195356
R00631,0.27607911586137585
R00632,0.4846272176601978
R00633,0.42542735960090006
R00634,0.8574137631003147
R00635,0.9234756702568694
R00636,0.9932286596449711
R00637,0.16421431082699317
R00638,0.22805293511026983
R00639,0.9817910457421213
R00640,0.2915077443583437
R00641,0.9876320902476385
R00642,0.29534346676823625
R00643,0.9558267458642996
R00644,0.6161098364125512
R00645,0.9930532140475321
R00646,0.30827849803032725
R00647,0.15906961325050742
R00648,0.9140360469650889
R00649,0.613081469913642
R00650,0.39093957185215117
R00651,0.15793605426126775
R00652,0.9941659209916207
R00653,0.9888378621989843
R00654,0.9880161774338514
R00655,0.9643224956088604
R00656,0.3165728554380925
R00657,0.2445543309717617
R00658,0.2296552165173141
R00659,0.12697666880792685
R00660,0.3875292115071916
R00661,0.2972125900315362
R00662,0.04765854150564322
R00663,0.2705443999140506
R00664,0.12961764595390773
R00665,0.9605886065994186
R00666,0.9268882122096811
R00667,0.2718791129136872
R00668,0.4816453136253755
R00669,0.32516081789494605
R00670,0.9433355129643733
R00671,0.12173146499418151
R00672,0.3186924993503247
R00673,0.3058433807171999
R00674,0.9804929921393392
R00675,0.2894810572505926
R00676,0.90347673413992
R00677,0.38799894076774694
R00678,0.5179845491843187
R00679,0.16603837264496446
R00680,0.28133090443984365
R00681,0.9489092131416431
R00682,0.16900991183666322
R00683,0.34514258126133074
R00684,0.30401710576114926
R00685,0.22486381085837967
R00686,0.09698032516576671
R00687,0.16859936622648403
R00688,0.06176810358624245
R00689,0.2431165768446919
R00690,0.31608711542758916
R00691,0.46386366501917625
R00692,0.9664266535823963
R00693,0.23964141260855507
R00694,0.34939163250913663
R00695,0.9064492734169739
R00696,0.7973284866152552
R00697,0.29847833026377213
R00698,0.2875464472733574
R00699,0.40513336943465234
R00700,0.22589348256225214
R00701,0.3739088405975463
R00702,0.32222577134523817
R00703,0.3175558560069343
R00704,0.2901098112594722
R00705,0.990242702522849
R00706,0.9054902692609841
R00707,0.16470191699199332
R00708,0.46055610282572546
R00709,0.963782449938286
R00710,0.30770669098302217
R00711,0.15046322532557002
R00712,0.9251305046590924
R00713,0.24553727727131514
R00714,0.19198040470735395
R00715,0.24267198149340455
R00716,0.3307157069233822
R00717,0.4086104811789935
R00718,0.4551217856299677
R00719,0.9054957164970626
R00720,0.22974232522526253
R00721,0.31028153705738293
R00722,0.24470446992042544
R00723,0.390264220803532
R00724,0.35930455731998007
R00725,0.22055212961721513
R00726,0.8874758069532166
R00727,0.20940946650574926
R00728,0.1856588526016664
R00729,0.5588113251341906
R00730,0.13532561046405076
R00731,0.501544692965028
R00732,0.9084585274561375
R00733,0.8643894429287741
R00734,0.9615246160735247
R00735,0.9770258253026758
R00736,0.9402209503378094
R00737,0.28669481875593006
R00738,0.40594340396672285
R00739,0.14668436711054364
R00740,0.22524907546340078
R00741,0.2796233558116292
R00742,0.2071384477245013
R00743,0.6137923183494235
R00744,0.30438080951541574
R00745,0.9701184115626956
R00746,0.9688099765776872
R00747,0.13689643885924793
R00748,0.9307731646870835
R00749,0.36926813646302686
R00750,0.16126752969690764
R00751,0.3368313801831718
R00752,0.2704839092863796
R00753,0.7535911784309365
R00754,0.9535491689846657
R00755,0.2720437378516779
R00756,0.9933031517909537
R00757,0.24978828550912974
R00758,0.4648675347115668
R00759,0.9839777296121601
R00760,0.5619046089049956
R00761,0.2858758333282813
R00762,0.35133210949508936
R00763,0.9197407165828682
R00764,0.2706018529616337
R00765,0.333297123247676
R00766,0.39982796916268537
R00767,0.8172287834914759
R00768,0.5991342691179445
R00769,0.36557887083110235
R00770,0.33770087367197665
R00771,0.8153476654358327
R00772,0.3183255269295275
R00773,0.3695702967865067
R00774,0.33615848055035563
R00775,0.4819310657709312
R00776,0.22272780448539656
R00777,0.9280316357368961
R00778,0.26904021032645914
R00779,0.30772362280109133
R00780,0.29362865170933944
R00781,0.2081791044966977
R00782,0.9910184507498404
R00783,0.2103945567467283
R00784,0.15231668666901524
R00785,0.21537089580714774
R00786,0.7012665261886695
R00787,0.18789743948622017
R00788,0.854800637620195
R00789,0.2694025890549167
R00790,0.7826499779294925
R00791,0.15143499036999936
R00792,0.2823395670155011
R00793,0.32881462729331623
R00794,0.26731818623930315
R00795,0.9051002703046255
R00796,0.2248356014178164
R00797,0.9723235198656429
R00798,0.2517818005164267
R00799,0.32729376143434724
R00800,0.9048317237224957
R00801,0.2819643029205079
R00802,0.739081336350117
R00803,0.4363787675429344
R00804,0.386984322080165
R00805,0.14149275967200256
R00806,0.5913971983733319
R00807,0.307224705365498
R00808,0.26720212076586497
R00809,0.3322110019178058
R00810,0.2093299306201379
R00811,0.97052337875315
R00812,0.2011726287209896
R00813,0.9306555693463358
R00814,0.2404607401318409
R00815,0.3095647959149658
R00816,0.9663021834598986
R00817,0.9702333038937363
R00818,0.47827351833558307
R00819,0.42463940372325404
R00820,0.1311026207092708
R00821,0.04335335337577605
R00822,0.22530891558680421
R00823,0.5086150163980507
R00824,0.22767377259387805
R00825,0.3212635794251344
R00826,0.37292880079555996
R00827,0.3865854513081438
R00828,0.2950873724827169
R00829,0.588543076149144
R00830,0.27119767066410516
R00831,0.9119197896532432
R00832,0.34535027036465893
R00833,0.8776724030598211
R00834,0.907325942937122
R00835,0.19449401813720135
R00836,0.9919467009158007
R00837,0.9844608246230191
R00838,0.20747513100989712
R00839,0.5165396747029602
R00840,0.4500571964002091
R00841,0.3755735676723386
R00842,0.5169117494876693
R00843,0.18580997582363704
R00844,0.8643934624209797
R00845,0.40611474494150984
R00846,0.29689152594610557
R00847,0.954146031696259
R00848,0.2215949885944982
R00849,0.03917040883443758
R00850,0.3212369112815512
R00851,0.18335783584045215
R00852,0.9340603834123952
R00853,0.26683343731919795
R00854,0.14857551497506508
R00855,0.15634047513053834
R00856,0.1711157793444377
R00857,0.913565054392476
R00858,0.6242851036214908
R00859,0.20179407661257215
R00860,0.2707131962082089
R00861,0.7410741270624283
R00862,0.10339015997680982
R00863,0.18763992677844335
R00864,0.13586614970743546
R00865,0.32928937926872526
R00866,0.9149183291011188
R00867,0.9238273651349463
R00868,0.40487642566806653
R00869,0.2349050214588203
R00870,0.5215127073531777
R00871,0.9597855041003241
R00872,0.42603947541879333
R00873,0.9491657031206769
R00874,0.42391834415100166
R00875,0.24700662482111604
R00876,0.9546543256440191
R00877,0.8391964129443396
R00878,0.5920096649511074
R00879,0.25914702432912473
R00880,0.11110805434368674
R00881,0.939633467439592
R00882,0.9867645506238026
R00883,0.38314899533476204
R00884,0.25567381366505076
R00885,0.943226608730919
R00886,0.9948832100560501
R00887,0.8837693078336676
R00888,0.5277015557953015
R00889,0.29707825540907357
R00890,0.26371072208411306
R00891,0.1468882403214668
R00892,0.247102232646029
R00893,0.4384867273959653
R00894,0.4995146758153483
R00895,0.0890942336804012
R00896,0.9913298203704786
R00897,0.23175142004822863
R00898,0.21792417669440803
R00899,0.43466983453028607
R00900,0.7489974448330627
R00901,0.8257595236521387
R00902,0.9409658336084588
R00903,0.9666919608851482
R00904,0.5524694092517216
R00905,0.4268219425127223
R00906,0.9725904561157447
R00907,0.9340603834123952
R00908,0.12689846133651234
R00909,0.9809453317687841
R00910,0.29774779476592206
R00911,0.9097009435112752
R00912,0.9034833700737888
R00913,0.27582031950218266
R00914,0.5982195131143773
R00915,0.2719793188889153
R00916,0.2170083061829196
R00917,0.4539712026377015
R00918,0.4269478690952076
R00919,0.35512956928672634
R00920,0.16061621743265908
R00921,0.9672163488217419
R00922,0.2231064795956036
R00923,0.9941885346271198
R00924,0.1729469316362258
R00925,0.46495220617395144
R00926,0.38604948305636166
R00927,0.2837636172078546
R00928,0.9092036182666152
R00929,0.8300340544286198
R00930,0.1789553643319869
R00931,0.971969913266689
R00932,0.9616744480800774
R00933,0.9289041358855771
R00934,0.2913708653734391
R00935,0.18104477603292404
R00936,0.1982886939435567
R00937,0.11189621135318982
R00938,0.13677265695021762
R00939,0.2506215741434143
R00940,0.521319050747914
R00941,0.1757411100049788
R00942,0.3667845218173636
R00943,0.21971643314413047
R00944,0.8364840773835558
R00945,0.12240801696015656
R00946,0.657333403339629
R00947,0.1277270891586503
R00948,0.17320449466005405
R00949,0.18137430109927996
R00950,0.7858775737161919
R00951,0.4281069045817763
R00952,0.3752964871272519
R00953,0.17822462792755053
R00954,0.9890274762683853
R00955,0.588774045650678
R00956,0.20271123254412096
R00957,0.15791999119660408
R00958,0.8831184656799644
R00959,0.9912800702012022
R00960,0.18240757477101033
R00961,0.35182981619680187
R00962,0.2959476897813447
R00963,0.30413637918134606
R00964,0.16185919092929707
R00965,0.392400684983233
R00966,0.34580656320412373
R00967,0.39120552399342107
R00968,0.248528999205324
R00969,0.496546045046587
R00970,0.6927974208145564
R00971,0.7096344160525286
R00972,0.3738380580726236
R00973,0.32936948216761974
R00974,0.9491925170334452
R00975,0.1355918591279283
R00976,0.4924844657740687
R00977,0.3153210666118699
R00978,0.17846683441114963
R00979,0.9198594409127805
R00980,0.3873241585671891
R00981,0.4260294268943968
R00982,0.16850424889197374
R00983,0.3555164391136693
R00984,0.9894993077781173
R00985,0.9728641725973992
R00986,0.9228741993757119
R00987,0.7162834621273262
R00988,0.28749917230756494
R00989,0.9766768829681073
R00990,0.35546037891206983
R00991,0.4774234155694402
R00992,0.18197408403712967
R00993,0.2861181085688169
R00994,0.8982581233396313
R00995,0.3605525073647497
R00996,0.9778726728764817
R00997,0.38250544702404904
R00998,0.45498332440795347
R00999,0.6389713037801498
R01000,0.13477294970470516
R01001,0.4800974336417722
R01002,0.18007684643720023
R01003,0.22983041242821758
R01004,0.1678515000554731
R01005,0.6105368004572128
R01006,0.14684517426838378
R01007,0.3058660356651718
R01008,0.1475495691425092
R01009,0.19584934109310448
R01010,0.39206608470826276
R01011,0.998449038454508
R01012,0.12605447249687698
R01013,0.31034756492937293
R01014,0.07125940871458984
R01015,0.5186653269756573
R01016,0.22483837215451777
R01017,0.4951192779698332
R01018,0.12604188804111374
R01019,0.9655297611586474
R01020,0.366527723669169
R01021,0.5975095895779531
R01022,0.5068100509337856
R01023,0.9256929599058311
R01024,0.9730646048374545
R01025,0.9090251805779965
R01026,0.4196249183446971
R01027,0.9644082453593156
R01028,0.21528752920528224
R01029,0.18484449744103465
R01030,0.11862072997154097
R01031,0.21663417314880137
R01032,0.9091526732506626
R01033,0.1283090804663231
R01034,0.4870564966814536
R01035,0.477511155986722
R01036,0.2291897775835911
R01037,0.4670977999110305
R01038,0.5102494752048041
R01039,0.8419081318219754
R01040,0.9904842856874557
R01041,0.7430938976004978
R01042,0.6647570813627016
R01043,0.38783213467048444
R01044,0.9722220508193935
R01045,0.20883500695319818
R01046,0.9411502096826704
R01047,0.34002151468733977
R01048,0.591034417502688
R01049,0.15423697445221657
R01050,0.14274928788418031
R01051,0.4866942498051727
R01052,0.975635998923026
R01053,0.28823396932982565
R01054,0.18127705191337054
R01055,0.2947225949382531
R01056,0.3494377828035989
R01057,0.23027118361498472
R01058,0.4689091444982623
R01059,0.09015249577766753
R01060,0.45036692061226374
R01061,0.3148696886025413
R01062,0.19752793365209456
R01063,0.23107756765351395
R01064,0.24608028037688967
R01065,0.2632868030213737
R01066,0.9896592172052497
R01067,0.5184277729435285
R01068,0.18134685948708013
R01069,0.20910631861126133
R01070,0.37829131953495204
R01071,0.21718534492375743
R01072,0.9256168999705449
R01073,0.9942983657143173
R01074,0.34173639099958175
R01075,0.1415463012942666
R01076,0.5417254043987575
R01077,0.5494388125719154
R01078,0.3787505956510133
R01079,0.21268194560258968
R01080,0.543319571407388
R01081,0.2663975889478192
R01082,0.17394755116523175
R01083,0.29291141693979716
R01084,0.4440978902573685
R01085,0.9177048564457714
R01086,0.9251592183227659
R01087,0.9920436666607592
R01088,0.3425455186962828
R01089,0.9837801755890739
R01090,0.6143935323114476
R01091,0.18335740681114066
R01092,0.3594467572114511
R01093,0.9174509811921863
R01094,0.4443605811583173
R01095,0.9434866290527172
R01096,0.4010733765712917
R01097,0.9068974733403056
R01098,0.20062002303517132
R01099,0.6163768540084631
R01100,0.21217146660467703
R01101,0.24655883630942332
R01102,0.11518760617074049
R01103,0.3125817686133474
R01104,0.19613245854938907
R01105,0.8084494499140938
R01106,0.5388065218969176
R01107,0.28873045752013754
R01108,0.7031504025728837
R01109,0.8976395079314118
R01110,0.934102194861016
R01111,0.39887800056785705
R01112,0.8149428948229254
R01113,0.9941968693164491
R01114,0.20146304915093852
R01115,0.28670700101826363
R01116,0.5506184833892391
R01117,0.9754561695247614
R01118,0.9464957788725805
R01119,0.9309133086412745
R01120,0.4426480136307016
R01121,0.5558611827933803
R01122,0.9505768485966406
R01123,0.9951783114596964
R01124,0.25320365295942426
R01125,0.28813845511572983
R01126,0.9778661145399881
R01127,0.3400426158564562
R01128,0.26477399114393374
R01129,0.9429818397498145
R01130,0.24371998843965792
R01131,0.992713893518661
R01132,0.16232275716806133
R01133,0.9088656451852509
R01134,0.5454910573913251
R01135,0.07350684262038062
R01136,0.9638278464647337
R01137,0.9914985251977455
R01138,0.5917237606388798
R01139,0.978161346362597
R01140,0.9797701944376658
R01141,0.39484240680571475
R01142,0.9846357672555822
R01143,0.17124886974780035
R01144,0.2672357359145898
R01145,0.3010008630476241
R01146,0.26643003904349
R01147,0.9863153488938323
R01148,0.9776548618009323
R01149,0.30458886626053805
R01150,0.4498227897325828
R01151,0.47714176672150976
R01152,0.19252681948435707
R01153,0.44133196958339155
R01154,0.14538092492531896
R01155,0.2598419513586483
R01156,0.9950005671265487
R01157,0.2659154476030369
R01158,0.40727854346229675
R01159,0.47274150122299907
R01160,0.49643904739677147
R01161,0.5157403078287293
R01162,0.34365639690682354
R01163,0.9958115906643339
R01164,0.37091005757704426
R01165,0.24250215524113392
R01166,0.4761011393834492
R01167,0.25459935798477207
R01168,0.7618351314824416
R01169,0.17695661304446014
R01170,0.9745382134272543
R01171,0.8070615689821098
R01172,0.6069996501978813
R01173,0.47877213242653993
R01174,0.21959158547195945
R01175,0.23909447164355607
R01176,0.43852153542957956
R01177,0.10640497859712697
R01178,0.9878693892876795
R01179,0.28453924503248673
R01180,0.9920554975705207
R01181,0.17601956429703153
R01182,0.3773704851751269
R01183,0.11797961217539765
R01184,0.4467153334537542
R01185,0.9910553862267827
R01186,0.3662091670087411
R01187,0.9802646893418206
R01188,0.4309991174233459
R01189,0.18153532854734322
R01190,0.41910027103508274
R01191,0.25967619672325404
R01192,0.14457023404809932
R01193,0.6412440242865823
R01194,0.9821032519961197
R01195,0.8715159491456368
R01196,0.9936141828349073
R01197,0.2042288713785832
R01198,0.30721040364416896
R01199,0.24350237795408577
R01200,0.1042117482367985
R01201,0.9899218988234318
R01202,0.25674978542212057
R01203,0.32157027706644686
R01204,0.9353017730339307
R01205,0.21156088971814274
R01206,0.8930437090513951
R01207,0.09051319100969767
R01208,0.5432574654226359
R01209,0.4279923112748338
R01210,0.39692571638404067
R01211,0.3414870969270762
R01212,0.6673031799339328
R01213,0.9560692375497062
R01214,0.8932997853464612
R01215,0.33230398880167006
R01216,0.10662455835150596
R01217,0.30295412413908157
R01218,0.23052114332426135
R01219,0.7460629318198163
R01220,0.18906568665144274
R01221,0.9221609032044156
R01222,0.9878069262687814
R01223,0.15671692338696663
R01224,0.9793665526028333
R01225,0.26756878549233554
R01226,0.1928917188969942
R01227,0.18870770658805966
R01228,0.2667086873834178
R01229,0.9821460173246654
R01230,0.9602602200674518
R01231,0.9455960053631512
R01232,0.24791530076826837
R01233,0.22641215896719527
R01234,0.9872282612408024
R01235,0.9620188179006058
R01236,0.3471815841500817
R01237,0.46103259255352586
R01238,0.3475552244229861
R01239,0.9174928072518379
R01240,0.6288950900758639
R01241,0.9687832318674253
R01242,0.8146144697397593
R01243,0.14650603278174026
R01244,0.9191050502169146
R01245,0.9582036692178012
R01246,0.39422431958509624
R01247,0.31132601746078153
R01248,0.8633706494097854
R01249,0.36489045105125306
R01250,0.32793150656866477
R01251,0.9643708139738812
R01252,0.9398184240441443
R01253,0.38945174758074963
R01254,0.5430556633625256
R01255,0.2502757013296998
R01256,0.5223859163644603
R01257,0.13260364527739812
R01258,0.36825762005159457
R01259,0.5067808742835539
R01260,0.6121266682642663
R01261,0.9502736118947152
R01262,0.6299023075481198
R01263,0.7398175090496344
R01264,0.9287408816143684
R01265,0.28539082810058247
R01266,0.9867629225961166
R01267,0.21692053018700433
R01268,0.9407855096512101
R01269,0.9325308638530033
R01270,0.3143909816540707
R01271,0.8253362000106156
R01272,0.9315111392951649
R01273,0.9860273200607245
R01274,0.18609195314307464
R01275,0.48236366222540805
R01276,0.8921764897803014
R01277,0.5415868423303428
R01278,0.22420736164152533
R01279,0.34509702777854573
R01280,0.8665820891532887
R01281,0.9929656539020857
R01282,0.9680394842300347
R01283,0.3405512011076017
R01284,0.12585514138132337
R01285,0.9760415992480471
R01286,0.18812480338667692
R01287,0.8967768465772006
R01288,0.15589266256724602
R01289,0.3308942896727914
R01290,0.9785021360484052
R01291,0.5625861963149494
R01292,0.3768969037420236
R01293,0.26138421412564583
R01294,0.9388075886601135
R01295,0.39509880404360365
R01296,0.18634962719358555
R01297,0.3035984466397133
R01298,0.1840508557366639
R01299,0.30066880299173515
R01300,0.20667864935019525
R01301,0.9037402804625322
R01302,0.32621089075453485
R01303,0.34014602611366024
R01304,0.9216925154961263
R01305,0.14880791803608223
R01306,0.9626592953041793
R01307,0.54648350793454
R01308,0.7495868804927283
R01309,0.3502807571839616
R01310,0.1865220838481012
R01311,0.7748529167834555
R01312,0.9880477893450108
R01313,0.9841132452294279
R01314,0.4747906239799796
R01315,0.44184437506983343
R01316,0.07045799143518111
R01317,0.643883073954648
R01318,0.986028136468563
R01319,0.09275187722621395
R01320,0.7535266542836813
R01321,0.1940322405832166
R01322,0.20362866183543987
R01323,0.9415278195986545
R01324,0.24403274142229242
R01325,0.32527228164865163
R01326,0.2678234400550221
R01327,0.23867972232687235
R01328,0.5919112297674842
R01329,0.20983654672038865
R01330,0.34413415907452155
R01331,0.05866033041706292
R01332,0.998395671472397
R01333,0.4098573002665323
R01334,0.3139649488411446
R01335,0.4262975541749764
R01336,0.3762496531392042
R01337,0.35027524772789964
R01338,0.5132469354282585
R01339,0.2757017408744686
R01340,0.44952913593306165
R01341,0.41586017533472347
R01342,0.16897157667327137
R01343,0.11775973227392937
R01344,0.3635790005109122
R01345,0.7375227269187596
R01346,0.23737862666033913
R01347,0.9645740871597684
R01348,0.09656418734695872
R01349,0.17639738820800688
R01350,0.9662700347912901
R01351,0.9839152138933259
R01352,0.45475991459098414
R01353,0.16782869013423532
R01354,0.32584943437433367
R01355,0.24698324466614344
R01356,0.13074216372338368
R01357,0.38914948088865514
R01358,0.4505666210758862
R01359,0.34520271002133573
R01360,0.98556765956028
R01361,0.9603642495419704
R01362,0.27390413194234736
R01363,0.28990833538810273
R01364,0.21068854009435783
R01365,0.18328626336868536
R01366,0.4072001060773832
R01367,0.31458403034699384
R01368,0.8524102431125453
R01369,0.29251753836808664
R01370,0.28941560716201453
R01371,0.5791683866391759
R01372,0.9900360182714357
R01373,0.9908973441689896
R01374,0.30796897815128726
R01375,0.9818407762178007
R01376,0.9328860101525565
R01377,0.385197334083214
R01378,0.13982052960113794
R01379,0.9125259865645706
R01380,0.199249632903098
R01381,0.24613115312195832
R01382,0.9557252163432971
R01383,0.15624538201183388
R01384,0.1653967992826487
R01385,0.9674391227481766
R01386,0.05705721934013379
R01387,0.18585424754728233
R01388,0.9110881194253437
R01389,0.5884022238826604
R01390,0.26946869444720656
R01391,0.8931461501652066
R01392,0.527562711767859
R01393,0.4036930908908968
R01394,0.790316124987885
R01395,0.25185688236030274
R01396,0.18628063855776145
R01397,0.10983573065109373
R01398,0.3085076783479019
R01399,0.48719167193953583
R01400,0.3279965842583141
R01401,0.9921332012585639
R01402,0.43800352667766623
R01403,0.3172769278275842
R01404,0.2202437315186365
R01405,0.33384491948693135
R01406,0.37093630451358467
R01407,0.9725885858690085
R01408,0.3022214482144997
R01409,0.41972424077002574
R01410,0.2216302849212642
R01411,0.9893571883061251
R01412,0.9498757106518636
R01413,0.3843082654312254
R01414,0.2417813284715953
R01415,0.8309766932504439
R01416,0.9874413432608599
R01417,0.9833040566435501
R01418,0.4470873497032088
R01419,0.9160719388767148
R01420,0.12619218352502956
R01421,0.3859605900875031
R01422,0.3233136046793325
R01423,0.243433934085712
R01424,0.38235162015487195
R01425,0.9939458612767123
R01426,0.40381300961554084
R01427,0.27190686342760023
R01428,0.21404834540421064
R01429,0.9595580428292216
R01430,0.28458158796326083
R01431,0.7910169926325166
R01432,0.3076322071339673
R01433,0.9881796229985331
R01434,0.16027607547887007
R01435,0.26960584126339615
R01436,0.20063311828787603
R01437,0.3501443729314648
R01438,0.9949949949148686
R01439,0.7972505411765507
R01440,0.28222616619951657
R01441,0.9902359227993741
R01442,0.5758124019890507
R01443,0.27812968009196215
R01444,0.7609329858997913
R01445,0.9611726188505142
R01446,0.19713731454854505
R01447,0.2889318086788373
R01448,0.18815931196183328
R01449,0.9691701283831922
R01450,0.3023890246706275
R01451,0.4108682024953622
R01452,0.39016944422175326
R01453,0.2895899525758073
R01454,0.9890164416662937
R01455,0.2045344204905097
R01456,0.3798882861457179
R01457,0.9531580797751154
R01458,0.1793556376299017
R01459,0.2076482811624931
R01460,0.22643198111786347
R01461,0.9942885635839223
R01462,0.38628706904575555
R01463,0.3772718511913672
R01464,0.08821900342268707
R01465,0.3858362332611769
R01466,0.11872473172979622
R01467,0.1613614729650319
R01468,0.3157640856522877
R01469,0.17689085607164998
R01470,0.9337345410439657
R01471,0.19757657822272126
R01472,0.9395605071771571
R01473,0.5303120330144533
R01474,0.9828039807855293
R01475,0.4981427839194571
R01476,0.2988813721995555
R01477,0.9307534008878363
R01478,0.5608828881800065
R01479,0.31211943451054897
R01480,0.9535068417455629
R01481,0.9488841923930554
R01482,0.35816342607750945
R01483,0.37564694503571144
R01484,0.9902535402063558
R01485,0.2856662789827868
R01486,0.3006299837187316
R01487,0.9603850103169599
R01488,0.16223115632900328
R01489,0.9629482256811569
R01490,0.9325160482703384
R01491,0.956862332451911
R01492,0.1632040258294989
R01493,0.4192526181454881
R01494,0.3652676184647697
R01495,0.23138730360300883
R01496,0.9752598608835338
R01497,0.9837983584655405
R01498,0.9014105385321689
R01499,0.13550053243456708
R01500,0.052967026232814615
R01501,0.370744563025416
R01502,0.9889132246473449
R01503,0.531077187714802
R01504,0.5387186729758044
R01505,0.2573793059314162
R01506,0.9908066255219447
R01507,0.36761368523359966
R01508,0.1728070818236654
R01509,0.3314127385155277
R01510,0.4350924192452776
R01511,0.13384479623317244
R01512,0.42165057462896427
R01513,0.42238562522243933
R01514,0.4422698915709578
R01515,0.32718051621110567
R01516,0.9601255007243331
R01517,0.6432730496475259
R01518,0.3915363273467903
R01519,0.08353802748587404
R01520,0.6799327579152511
R01521,0.4069881726511442
R01522,0.1912160338457526
R01523,0.46758444978068775
R01524,0.33149554163301476
R01525,0.3487318410596576
R01526,0.21591807281513795
R01527,0.6975660719631538
R01528,0.49683206269713837
R01529,0.46835395947600844
R01530,0.19603216875924911
R01531,0.5252310648975782
R01532,0.19021003069077486
R01533,0.40751536556473145
R01534,0.18665493454842605
R01535,0.3566734607896142
R01536,0.8297151528899827
R01537,0.49986152169167863
R01538,0.6184577395417092
R01539,0.38304997490578296
R01540,0.32888502826997734
R01541,0.2994775904798571
R01542,0.7342955849801807
R01543,0.24370960577898276
R01544,0.41280756711135635
R01545,0.9440919677370606
R01546,0.15263104497775182
R01547,0.9520882218294603
R01548,0.9670156118078203
R01549,0.49840050199143465
R01550,0.9692163287735048
R01551,0.9256929599058311
R01552,0.9287408816143684
R01553,0.35261221717324576
R01554,0.19244140894215303
R01555,0.6082432580930996
R01556,0.21862974771348628
R01557,0.43129796711447166
R01558,0.9923793215982774
R01559,0.4889382633516564
R01560,0.9476917629290081
R01561,0.984526848447564
R01562,0.2702943199958728
R01563,0.8696609463630846
R01564,0.3566492892003864
R01565,0.8880092969553066
R01566,0.5024499993967557
R01567,0.23436012338346382
R01568,0.15806031847979402
R01569,0.9835662842941358
R01570,0.2838839743023493
R01571,0.22632181385695088
R01572,0.236801507377213
R01573,0.961067305707639
R01574,0.9491657031206769
R01575,0.4147933594657658
R01576,0.9459365369141366
R01577,0.225808835964295
R01578,0.2761053211429277
R01579,0.9566315119383925
R01580,0.9116373435736773
R01581,0.9940060899376865
R01582,0.30419638687681877
R01583,0.21986036119892455
R01584,0.2735203552793138
R01585,0.3321798264654663
R01586,0.2189176173876757
R01587,0.9575848020235935
R01588,0.9776548618009323
R01589,0.04723370900687449
R01590,0.4092242246780029
R01591,0.13742118089516808
R01592,0.35983209792684956
R01593,0.8975823321460795
R01594,0.9273839857243261
R01595,0.986985310654081
R01596,0.21406820440279628
R01597,0.514008383055215
R01598,0.292082058729618
R01599,0.40624841005243795
R01600,0.33955428706818813
R01601,0.2923731283078514
R01602,0.9952263246292568
R01603,0.13251507099985352
R01604,0.4573735692413617
R01605,0.8689660469592085
R01606,0.8350509133756802
R01607,0.2243651980530597
R01608,0.14232783378656833
R01609,0.31693133013632846
R01610,0.42936480276146105
R01611,0.9834230070570003
R01612,0.25270329422945775
R01613,0.2996763594613412
R01614,0.5763541546207318
R01615,0.2353042685205263
R01616,0.5506101109522855
R01617,0.7689321683991615
R01618,0.2897324813176202
R01619,0.6471301928802611
R01620,0.4698854091828257
R01621,0.42076165155929773
R01622,0.39661972515757105
R01623,0.44772143448246315
R01624,0.35146869506385964
R01625,0.20188192369033942
R01626,0.924645080000895
R01627,0.48285673492336906
R01628,0.9941959822469902
R01629,0.27822052426087635
R01630,0.2830038539204974
R01631,0.1636115051014399
R01632,0.14441886796792686
R01633,0.9442652756754254
R01634,0.8889544088928468
R01635,0.9615814249453402
R01636,0.9836812348727328
R01637,0.45025835993916846
R01638,0.299541145716511
R01639,0.9983985397964706
R01640,0.3396133900326056
R01641,0.26532370202572464
R01642,0.12708564724173047
R01643,0.6292478564923254
R01644,0.9922035933782861
R01645,0.2979398634558069
R01646,0.9910091061819929
R01647,0.2583260186433035
R01648,0.9907234896959284
R01649,0.29183461560332363
R01650,0.23457840263030882
R01651,0.9034474246631113
R01652,0.9330329492235061
R01653,0.04687384515882104
R01654,0.3930905505948075
R01655,0.26756211372264077
R01656,0.5260752696911629
R01657,0.3142999193050901
R01658,0.9810335871060492
R01659,0.8581896691037638
R01660,0.9865968084746005
R01661,0.9752020379890525
R01662,0.9608105083409212
R01663,0.9889692155391793
R01664,0.3251885979141678
R01665,0.3511491825447075
R01666,0.4413661938586996
R01667,0.4250900852734683
R01668,0.9556716317249825
R01669,0.4470855651505081
R01670,0.21364078345985885
R01671,0.8412775811044355
R01672,0.2389893016789808
R01673,0.1794839638167828
R01674,0.3628467032197414
R01675,0.6898556162861401
R01676,0.9809331996105178
R01677,0.989623728867315
R01678,0.5780683591610651
R01679,0.9410677454035291
R01680,0.49338201115665514
R01681,0.9311492234636498
R01682,0.9875785524415305
R01683,0.32342172085766263
R01684,0.613302788957816
R01685,0.9802241547735251
R01686,0.9806352416453271
R01687,0.3854657076615027
R01688,0.35614613881755414
R01689,0.9918563588372576
R01690,0.1585626225636016
R01691,0.5735276096875204
R01692,0.4381239824180659
R01693,0.8164581406462521
R01694,0.836512728790744
R01695,0.43887255276664244
R01696,0.27540349910637085
R01697,0.9620959803414922
R01698,0.4705954221600528
R01699,0.8669590625816668
R01700,0.40144737086979226
R01701,0.4511686023763191
R01702,0.19751123868608986
R01703,0.950972185144181
R01704,0.4095389320526531
R01705,0.13461405828871917
R01706,0.9430024643323607
R01707,0.995168039856763
R01708,0.9641036634115063
R01709,0.5002760976712592
R01710,0.18539101797266877
R01711,0.9766019884874861
R01712,0.6530514907278797
R01713,0.06050155710232105
R01714,0.2415619654152052
R01715,0.9863599151834752
R01716,0.25050464252976273
R01717,0.6390158448013403
R01718,0.3660599009361515
R01719,0.5441000242350754
R01720,0.9134060051978142
R01721,0.18128119353624114
R01722,0.1993264550447623
R01723,0.8412390135707003
R01724,0.2980917948299851
R01725,0.9415460232286693
R01726,0.3282342699639635
R01727,0.6109516137717538
R01728,0.4087241662889861
R01729,0.9515594522861565
R01730,0.9288763347095251
R01731,0.981245949612363
R01732,0.9840029323995196
R01733,0.39333610096101984
R01734,0.9485052373029331
R01735,0.4699679623003661
R01736,0.8785091140268216
R01737,0.4329451278113525
R01738,0.9628090377167534
R01739,0.4274161082891355
R01740,0.2277875795033298
R01741,0.5185166546270575
R01742,0.17290247234104877
R01743,0.9744932961683873
R01744,0.9471919288567431
R01745,0.34407649119887374
R01746,0.5643801884262123
R01747,0.9505344980223894
R01748,0.15240206471859985
R01749,0.9768833026550549
R01750,0.9919399403950157
R01751,0.28481120064453685
R01752,0.2781546442593749
R01753,0.19959640669430417
R01754,0.4628364313451854
R01755,0.4445426970435237
R01756,0.26360298179054226
R01757,0.4927567053674789
R01758,0.09579975306476855
R01759,0.3047507703532336
R01760,0.46102422986971836
R01761,0.9720937645722685
R01762,0.13068561197717882
R01763,0.5295019713165072
R01764,0.8129660352565594
R01765,0.2875585578020927
R01766,0.21776998950270027
R01767,0.3654415425896851
R01768,0.12032023768778015
R01769,0.3089963836234165
R01770,0.9806557244603776
R01771,0.13770213607854428
R01772,0.9413300460771425
R01773,0.2755332173990608
R01774,0.16798973461886815
R01775,0.7264643668351977
R01776,0.8213514474317397
R01777,0.2674628880325529
R01778,0.3847081809793574
R01779,0.33220297217517436
R01780,0.33516244665801936
R01781,0.16740442643960352
R01782,0.7091326625485647
R01783,0.3096458013237353
R01784,0.9556495274527371
R01785,0.29456933749585035
R01786,0.4805752994198794
R01787,0.9184075470000412
R01788,0.16998287571786605
R01789,0.2763895173489863
R01790,0.21625933671350933
R01791,0.9253379451829493
R01792,0.9615924044186974
R01793,0.9962800942529374
R01794,0.10397825861298507
R01795,0.37347480170047204
R01796,0.9551669307888977
R01797,0.4695433216519383
R01798,0.3563569002425708
R01799,0.3049902556135393
R01800,0.38662025764745206
R01801,0.44758051443703883
R01802,0.9639366103313204
R01803,0.1494693903696859
R01804,0.47915637071546935
R01805,0.9597606255506592
R01806,0.9218556913770339
R01807,0.22793692073329289
R01808,0.3201379678809622
R01809,0.4735959027017348
R01810,0.41131493243703154
R01811,0.2823774786295044
R01812,0.3089913842223142
R01813,0.25923985416144835
R01814,0.332917155457663
R01815,0.3623456749253767
R01816,0.9809081177935787
R01817,0.9935458322359326
R01818,0.9292135453421735
R01819,0.3162700415255604
R01820,0.9900398078818075
R01821,0.21387495943366805
R01822,0.3881303362915788
R01823,0.9936442712722077
R01824,0.29117891931038015
R01825,0.27525744379143274
R01826,0.9908024083676392
R01827,0.13492172403600627
R01828,0.3054423708294126
R01829,0.9880575958420542
R01830,0.9620188179006058
R01831,0.2821183440278779
R01832,0.3506670862431193
R01833,0.20457441990724537
R01834,0.3906438973794797
R01835,0.1742327148828573
R01836,0.49453296097183325
R01837,0.20569951919723642
R01838,0.8472160957513669
R01839,0.8982581233396313
R01840,0.23276328983393177
R01841,0.3358669499085589
R01842,0.22609200720819927
R01843,0.17236230769528182
R01844,0.3879279370150868
R01845,0.2578930157415444
R01846,0.48491024221347456
R01847,0.2863322970095511
R01848,0.24497028386522515
R01849,0.22755733829255864
R01850,0.19156032273816848
R01851,0.9813562497366074
R01852,0.40602668164610006
R01853,0.35086734136730857
R01854,0.36516505724863596
R01855,0.2267957468762163
R01856,0.7980856560782912
R01857,0.18042051539773996
R01858,0.24599307873311807
R01859,0.452784186218311
R01860,0.358239351045099
R01861,0.8735835236571584
R01862,0.555867532767398
R01863,0.9876417455595466
R01864,0.4447193991287207
R01865,0.925219576784124
R01866,0.9817403202584186
R01867,0.3546645713340681
R01868,0.6851596195767429
R01869,0.18713604760815986
R01870,0.16923140811572526
R01871,0.5426807666705192
R01872,0.14247609754151697
R01873,0.9155428121039757
R01874,0.1841298992443169
R01875,0.4476794220161644
R01876,0.2231130756021277
R01877,0.26102685139823695
R01878,0.4790930388874543
R01879,0.3065564226222251
R01880,0.30560250749228457
R01881,0.7479265009452336
R01882,0.22107706085455656
R01883,0.3170912296418388
R01884,0.9819055646424502
R01885,0.2517423285719288
R01886,0.5461418607746761
R01887,0.18835098179776708
R01888,0.2835113880469892
R01889,0.9406241797637773
R01890,0.43832066905986644
R01891,0.3002460199677608
R01892,0.22145798036814124
R01893,0.21511744636535293
R01894,0.11174222999203375
R01895,0.3701710817074215
R01896,0.2898275358885659
R01897,0.9374050005360267
R01898,0.9808120411547242
R01899,0.16689275631851525
R01900,0.3133991183244948
R01901,0.16250826336274488
R01902,0.2419278127583944
R01903,0.2349098271288559
R01904,0.29385739872701816
R01905,0.19507069994707957
R01906,0.6371962635565569
R01907,0.9962236106702477
R01908,0.9145198872715702
R01909,0.22473028178305546
R01910,0.18207398219616736
R01911,0.2745547269610439
R01912,0.4497706820170878
R01913,0.22919912409925358
R01914,0.22626412871070503
R01915,0.1077957516162321
R01916,0.2660601523917332
R01917,0.27384035415979335
R01918,0.2793391793490237
R01919,0.7869456621330512
R01920,0.08503331147413158
R01921,0.25265625045025164
R01922,0.311420727513464
R01923,0.9828798109719062
R01924,0.3648250037518238
R01925,0.9635043001426369
R01926,0.3013319012239522
R01927,0.9145838583604966
R01928,0.21141557920547943
R01929,0.9823179627626416
R01930,0.3831340272302677
R01931,0.9898627120991977
R01932,0.7641434292580488
R01933,0.2462911156023303
R01934,0.9300946573152731
R01935,0.41875242798216783
R01936,0.33291353676360025
R01937,0.7106414565674976
R01938,0.47935958289017944
R01939,0.38851063074016023
R01940,0.9423226165957335
R01941,0.37716498174038543
R01942,0.5125953568220545
R01943,0.9498859903753257
R01944,0.25508565401707545
R01945,0.32347167046373887
R01946,0.19097480056267988
R01947,0.40802965620639126
R01948,0.9594742239576584
R01949,0.20644822655748352
R01950,0.2927623991858669
R01951,0.9594576140186593
R01952,0.14527293100057984
R01953,0.5007729515432074
R01954,0.15307524568381226
R01955,0.10864800182112112
R01956,0.3009560207838778
R01957,0.9803565030939144
R01958,0.303248779377054
R01959,0.3884755433493958
R01960,0.4789861622686498
R01961,0.21498076508475608
R01962,0.11620178446797037
R01963,0.47727638965967756
R01964,0.9875950949719671
R01965,0.9093680526804382
R01966,0.9865765896979134
R01967,0.27705187590206515
R01968,0.26943772595501636
R01969,0.3353392269542973
R01970,0.27007772256870294
R01971,0.9655800622925498
R01972,0.18723414166093205
R01973,0.10916928847419684
R01974,0.2220714012096855
R01975,0.29374407554052484
R01976,0.15448504710289085
R01977,0.13982855479133363
R01978,0.29833520274777964
R01979,0.13623685095822566
R01980,0.28156011287448923
R01981,0.4597216975170244
R01982,0.9805594965644203
R01983,0.7871763650629942
R01984,0.16813311150829732
R01985,0.3324835396152637
R01986,0.24427873333719055
R01987,0.40311762705646004
R01988,0.8062936781034491
R01989,0.053583376610986236
R01990,0.248281156171201
R01991,0.3842547541383744
R01992,0.530259776113062
R01993,0.9876235100245724
R01994,0.21808297192094808
R01995,0.2713539461504935
R01996,0.4064884169289314
R01997,0.5434961007686173
R01998,0.3660059550630256
R01999,0.48266393994140355
R02000,0.5078851514976798
R02001,0.3076146406605658
R02002,0.17536192942553275
R02003,0.384427146015304
R02004,0.9908062619684093
R02005,0.3980675985422746
R02006,0.3957600650269854
R02007,0.30268331348181055
R02008,0.9609046786384277
R02009,0.2156665900378227
R02010,0.09282520793069066
R02011,0.917614652331028
R02012,0.26554491867947333
R02013,0.21014062717431511
R02014,0.11865894873398396
R02015,0.16323724300770634
R02016,0.9166436853834321
R02017,0.26478142100070023
R02018,0.1247928028337197
R02019,0.5733167556252993
R02020,0.944957083782125
R02021,0.9279174992281993
R02022,0.5399119969642936
R02023,0.13262432541155483
R02024,0.5165782443198583
R02025,0.3844278442570625
R02026,0.6917508690938781
R02027,0.35337300796705706
R02028,0.20851496912636847
R02029,0.16338774856259533
R02030,0.14064949540647786
R02031,0.7363533459706456
R02032,0.8045114527249583
R02033,0.8787158004262772
R02034,0.4661856086351158
R02035,0.34082540688047464
R02036,0.9688778431031919
R02037,0.9590167989173685
R02038,0.3661900150904728
R02039,0.8761837825696682
R02040,0.3968464728859061
R02041,0.3079751106218087
R02042,0.6925213562507742
R02043,0.25461453995287103
R02044,0.9709643216884619
R02045,0.4529511972698537
R02046,0.4597269502548153
R02047,0.41057864473486927
R02048,0.527994593654739
R02049,0.3798299756462692
R02050,0.11981871324258625
R02051,0.9618407567313294
R02052,0.07700004864602432
R02053,0.5408268961150712
R02054,0.3666594202141779
R02055,0.32738330146024547
R02056,0.9898403017757542
R02057,0.20173945106282815
R02058,0.9641334985110365
R02059,0.878168924373971
R02060,0.23194931152872203
R02061,0.981027865207201
R02062,0.23338444411554485
R02063,0.17813011312600588
R02064,0.21727009741422398
R02065,0.34780709044090624
R02066,0.8766962284975354
R02067,0.14904486735156647
R02068,0.46566072765172223
R02069,0.9034474246631113
R02070,0.3778733627958182
R02071,0.9764641392923069
R02072,0.3508055501644318
R02073,0.9321012267216322
R02074,0.438281900248947
R02075,0.9357613305031304
R02076,0.9724668284794586
R02077,0.2820245512152505
R02078,0.48781382160339803
R02079,0.15518234699036002
R02080,0.29544043039338574
R02081,0.29602419449446316
R02082,0.6251080918640525
R02083,0.11897644130821833
R02084,0.5144348783580267
R02085,0.2206286268207974
R02086,0.2646866552430863
R02087,0.17353488468605602
R02088,0.09989373183954256
R02089,0.9676011851758832
R02090,0.9685930927506269
R02091,0.2813152897238139
R02092,0.9547365001393648
R02093,0.9933982644539819
R02094,0.06041151913825034
R02095,0.1681113946381485
R02096,0.46821491491773476
R02097,0.2838549327684578
R02098,0.35955345546655565
R02099,0.9881404456820764
R02100,0.7101457450346624
R02101,0.1787152669894571
R02102,0.38655014680191496
R02103,0.92631898671344
R02104,0.32726003104004114
R02105,0.9909969688963257
R02106,0.9325160482703384
R02107,0.2625487750339155
R02108,0.9864520941944334
R02109,0.987314986313706
R02110,0.9450442964495427
R02111,0.9857478108415823
R02112,0.995103629004984
R02113,0.9799174167376289
R02114,0.5730837131712322
R02115,0.9613632332648814
R02116,0.24913417040552902
R02117,0.3071991067449157
R02118,0.1449952031762434
R02119,0.330212981647349
R02120,0.3183949314219145
R02121,0.19712883371017464
R02122,0.2831313199187327
R02123,0.3254321907950844
R02124,0.15376157065213392
R02125,0.18962347130011756
R02126,0.991083841844031
R02127,0.2884837510567844
R02128,0.36343397693401724
R02129,0.9563803186483943
R02130,0.9203173253282301
R02131,0.3871376433017967
R02132,0.9227196350174041
R02133,0.31062481975362427
R02134,0.978001979872594
R02135,0.2170248636461156
R02136,0.6301580611554662
R02137,0.9968352257358553
R02138,0.33859348266657374
R02139,0.9837618762922321
R02140,0.6089845353912282
R02141,0.23364441339746997
R02142,0.4940733736308829
R02143,0.4836663470885762
R02144,0.9021086449239907
R02145,0.2808975841507424
R02146,0.9721064479378436
R02147,0.30524384567213997
R02148,0.48381562430568414
R02149,0.5066041683604849
R02150,0.42826374969115827
R02151,0.15638623077039554
R02152,0.37054641242477604
R02153,0.1641160252404209
R02154,0.5389815666400708
R02155,0.2430784274822493
R02156,0.9696123907334578
R02157,0.30624636875889866
R02158,0.948629798654035
R02159,0.45217411123688683
R02160,0.42203673684298093
R02161,0.10596576578214575
R02162,0.7816029985389585
R02163,0.2915193269927637
R02164,0.5583680479713758
R02165,0.979341004584564
R02166,0.5200511024188905
R02167,0.48088553916273497
R02168,0.36748496674781855
R02169,0.3199317430814221
R02170,0.26684125541434933
R02171,0.9961753135137936
R02172,0.40065429795787566
R02173,0.3392892658735728
R02174,0.2801475129529193
R02175,0.24314033538343555
R02176,0.3183766995251095
R02177,0.3723742837181749
R02178,0.1508669316252663
R02179,0.1350047500171078
R02180,0.2638719039216298
R02181,0.9671457624892004
R02182,0.2734204964431615
R02183,0.23806657244355178
R02184,0.9730102346141627
R02185,0.28675520911848323
R02186,0.9637550439413625
R02187,0.3298442240259875
R02188,0.3041878007563399
R02189,0.36875350304347176
R02190,0.11214315074320015
R02191,0.428499148640951
R02192,0.2965534871129341
R02193,0.36386622620452147
R02194,0.32429885150860593
R02195,0.2502600966521512
R02196,0.23846780300294307
R02197,0.34535413719746055
R02198,0.5382455614299994
R02199,0.48156479170541533
R02200,0.17935165996286442
R02201,0.2542204091394162
R02202,0.9219310606027686
R02203,0.1586190136673351
R02204,0.9926695084190543
R02205,0.24844152669734254
R02206,0.43035212621884444
R02207,0.2494006872808541
R02208,0.2816450881819455
R02209,0.9893975018308045
R02210,0.6389381670705073
R02211,0.39121404060198695
R02212,0.17580341548894649
R02213,0.8505197555006522
R02214,0.46229091378452175
R02215,0.2539567545345426
R02216,0.9710500848998839
R02217,0.25590850404095505
R02218,0.9914869360420794
R02219,0.9886061962470335
R02220,0.9584480336118201
R02221,0.27738739569550974
R02222,0.9564949780699428
R02223,0.30196629796677693
R02224,0.17221741537041832
R02225,0.2683173858383814
R02226,0.23335146136238089
R02227,0.4262250016115894
R02228,0.23382317843393402
R02229,0.23019099717470706
R02230,0.2038248624846013
R02231,0.29180103222083204
R02232,0.9935366593621101
R02233,0.9588292827924965
R02234,0.19313552705428813
R02235,0.9907013598520177
R02236,0.979378880725667
R02237,0.21326311652494126
R02238,0.15263138092478296
R02239,0.911752242286211
R02240,0.47881884403621927
R02241,0.9695393837771645
R02242,0.340446692360202
R02243,0.46767232104815276
R02244,0.4095713958944284
R02245,0.2065011301387744
R02246,0.47914059203594694
R02247,0.2618711284540837
R02248,0.9075969518351816
R02249,0.9343978607630553
R02250,0.9436567264795901
R02251,0.2049534855526224
R02252,0.16370057182531847
R02253,0.14899224533140126
R02254,0.9855561730985237
R02255,0.27444822677667197
R02256,0.30968238240059176
R02257,0.39782618203994136
R02258,0.33041231359624107
R02259,0.9968760716353284
R02260,0.44199763173067497
R02261,0.3655259350643977
R02262,0.5846551767549708
R02263,0.3974806927880302
R02264,0.26814626109230993
R02265,0.998072893573521
R02266,0.24052538574519314
R02267,0.9960731274561369
R02268,0.4167081639782304
R02269,0.2907552483562339
R02270,0.7642537351174528
R02271,0.9472399619746699
R02272,0.8046668640472436
R02273,0.9665180555906004
R02274,0.2439745556677146
R02275,0.11040692922522974
R02276,0.11812171249836996
R02277,0.8707605471830497
R02278,0.471902194660585
R02279,0.9374050005360267
R02280,0.41977688372262556
R02281,0.97170256082665
R02282,0.30147193411181483
R02283,0.32478182462641675
R02284,0.14553393819746707
R02285,0.9268621978806105
R02286,0.5748431414755628
R02287,0.20868599216586803
R02288,0.20243663280379132
R02289,0.32164600872914834
R02290,0.35329660515332123
R02291,0.2822247435846346
R02292,0.2508301567949941
R02293,0.2417309689601907
R02294,0.31921752229948347
R02295,0.9045689803427267
R02296,0.9797109286951148
R02297,0.41450497234976535
R02298,0.3860158641704192
R02299,0.9196998718464198
R02300,0.12587792004426684
R02301,0.9853872196808855
R02302,0.9454837146692681
R02303,0.43448726959963535
R02304,0.5511482775001773
R02305,0.3441755636537874
R02306,0.17437668300577805
R02307,0.6824415194746408
R02308,0.8703550685646912
R02309,0.38772232824261404
R02310,0.28430861991083556
R02311,0.289131826054134
R02312,0.43537819898591673
R02313,0.45067559839767807
R02314,0.9643174159917484
R02315,0.4490585668885194
R02316,0.9758396977130386
R02317,0.21522413768834922
R02318,0.5040461718742908
R02319,0.9495590296903087
R02320,0.240735836560735
R02321,0.20602998371107856
R02322,0.4662410148404818
R02323,0.9946262572298545
R02324,0.9301081206131212
R02325,0.9837956984802075
R02326,0.3289533795428358
R02327,0.9764642262317487
R02328,0.4941367376290498
R02329,0.9913700754650936
R02330,0.12521278076698106
R02331,0.8318867841506545
R02332,0.28897062100902404
R02333,0.6103549659373667
R02334,0.9680785888768697
R02335,0.15440270489308566
R02336,0.37437499701605037
R02337,0.5559337002219716
R02338,0.722653699594035
R02339,0.9047425796798685
R02340,0.22688313699655258
R02341,0.37027918248326697
R02342,0.296871769268854
R02343,0.3546033587851253
R02344,0.2706980115630051
R02345,0.9497588711985693
R02346,0.18580578269711331
R02347,0.373714565136392
R02348,0.39140535931878223
R02349,0.1684080481403514
R02350,0.3234292209897128
R02351,0.1958519340000794
R02352,0.2677796767708996
R02353,0.3562788097442387
R02354,0.9682843775634092
R02355,0.9837110947091802
R02356,0.2865154756824131
R02357,0.9435502849485925
R02358,0.46427858848179576
R02359,0.22711574213750776
R02360,0.9740538634616454
R02361,0.9609065128984684
R02362,0.4499919426735927
R02363,0.3544453289241502
R02364,0.33704334675054237
R02365,0.1766449273913536
R02366,0.11518396569096541
R02367,0.5057723499949452
R02368,0.47984861777652965
R02369,0.9815809453861201
R02370,0.3386106196032879
R02371,0.47342383658104953
R02372,0.17784159407840755
R02373,0.48086326900025345
R02374,0.08450564720875278
R02375,0.21855859370754638
R02376,0.9910553862267827
R02377,0.5830147582841475
R02378,0.1500416219600955
R02379,0.8663700940994787
R02380,0.49589520441809953
R02381,0.9727043160566315
R02382,0.9135617204688754
R02383,0.18105483810973694
R02384,0.3583305040062234
R02385,0.7651619533495991
R02386,0.24515620315754796
R02387,0.09798614825789066
R02388,0.47503026986424535
R02389,0.9921180852820867
R02390,0.17646149786008386
R02391,0.14592199718252052
R02392,0.9496931515653001
R02393,0.5420934666570741
R02394,0.3014415112838023
R02395,0.19837818644887453
R02396,0.9655772581499548
R02397,0.20054798764696383
R02398,0.2832839675200783
R02399,0.5942519166864318
R02400,0.33177207220415345
R02401,0.2535247367495332
R02402,0.08513767501616915
R02403,0.2570628906542636
R02404,0.9748688238496039
R02405,0.9857478108415823
R02406,0.34586806616231075
R02407,0.0734581792662928
R02408,0.20938575972622697
R02409,0.9311850245943852
R02410,0.971969913266689
R02411,0.9533994143047833
R02412,0.4055105200546226
R02413,0.10698408497588555
R02414,0.9132757572806205
R02415,0.2079128717799145
R02416,0.42840317372978826
R02417,0.28126419056487467
R02418,0.3371804249440055
R02419,0.18342331687233443
R02420,0.9750936226227083
R02421,0.27252530401555997
R02422,0.5065304866898276
R02423,0.2569580836093504
R02424,0.27590653052632197
R02425,0.14271088682840652
R02426,0.24096394375411562
R02427,0.8210851863425395
R02428,0.4060049114761552
R02429,0.14597939970820506
R02430,0.9722016272886114
R02431,0.05878147643536923
R02432,0.21822117201605326
R02433,0.29054906940573866
R02434,0.49738966423822717
R02435,0.9561656342905237
R02436,0.9929922276685902
R02437,0.4258598419261583
R02438,0.9808543800175773
R02439,0.9053418936377352
R02440,0.3330190860975728
R02441,0.150201867273772
R02442,0.3702969011771597
R02443,0.2665976089608342
R02444,0.9836031206286233
R02445,0.18760478720830284
R02446,0.8896306605804463
R02447,0.42277196742956497
R02448,0.43499396587613914
R02449,0.3785895182893766
R02450,0.14005272994330054
R02451,0.301981935591397
R02452,0.1812233538279243
R02453,0.24751115455331066
R02454,0.3171858819995152
R02455,0.35151476761770517
R02456,0.9788235329874918
R02457,0.3290446897760584
R02458,0.23367526920202056
R02459,0.3103257929546336
R02460,0.9905186198647651
R02461,0.783715665822649
R02462,0.4293977657298835
R02463,0.2245666384749127
R02464,0.9672906244391126
R02465,0.11768322722614073
R02466,0.1934499873224315
R02467,0.1830536134695595
R02468,0.38522499670471744
R02469,0.3163070044662984
R02470,0.9562860091996322
R02471,0.37237105995519165
R02472,0.5910837447395653
R02473,0.17614416220174015
R02474,0.9717808599806762
R02475,0.9263884443675997
R02476,0.4657466802025376
R02477,0.9328483621899768
R02478,0.9185637283576178
R02479,0.5411944100594719
R02480,0.978320503854013
R02481,0.5925140827449314
R02482,0.26286265001860154
R02483,0.08878202165989009
R02484,0.9357803164437445
R02485,0.9687737118867851
R02486,0.04243276394125879
R02487,0.9666363981261193
R02488,0.08214017710840057
R02489,0.9237346816467055
R02490,0.12854711806217867
R02491,0.38584561757089314
R02492,0.11584535192136437
R02493,0.39881939412630574
R02494,0.24769576222367923
R02495,0.35461591704214634
R02496,0.27984030816792765
R02497,0.9357640536642443
R02498,0.19955452167883134
R02499,0.23232989665307363
R02500,0.4989922318674586
R02501,0.46520571549093603
R02502,0.9280404119035488
R02503,0.9856954972705808
R02504,0.256769422782646
R02505,0.17858139644601428
R02506,0.30262578391515244
R02507,0.9636520149715477
R02508,0.3706586094740252
R02509,0.3158884385081971
R02510,0.9145198872715702
R02511,0.1287313530069072
R02512,0.3078590313499826
R02513,0.9876143259383167
R02514,0.9946717539146972
R02515,0.9873440192402422
R02516,0.3467107741466939
R02517,0.29061883058587934
R02518,0.2188945897238422
R02519,0.9434776826103543
R02520,0.4291518798808932
R02521,0.3275470233684418
R02522,0.29009038398112025
R02523,0.15136980924668764
R02524,0.9823141228471114
R02525,0.24893348120770015
R02526,0.978219967784695
R02527,0.10041098931593755
R02528,0.9495590296903087
R02529,0.7360396672020125
R02530,0.34211198408476345
R02531,0.15250400709406461
R02532,0.9616148145065313
R02533,0.10864054092470496
R02534,0.11652024783772977
R02535,0.1746153484336835
R02536,0.11015446010271003
R02537,0.94806288389475
R02538,0.39321952277473565
R02539,0.9395749568481909
R02540,0.2315098112430121
R02541,0.2187112235182142
R02542,0.5549096449531239
R02543,0.6088672985652844
R02544,0.42752954573719737
R02545,0.35712001802820614
R02546,0.31833730227721624
R02547,0.3199426279410071
R02548,0.37790319156814167
R02549,0.8353710035049544
R02550,0.16809428202371096
R02551,0.31908816079957436
R02552,0.4208660084100785
R02553,0.11136055047568975
R02554,0.2931353147291942
R02555,0.4369406335957463
R02556,0.2829969111653293
R02557,0.2242310546079859
R02558,0.9948165926993631
R02559,0.9882726254608429
R02560,0.9623954010285216
R02561,0.9556948263773665
R02562,0.331202758785036
R02563,0.26798979766598563
R02564,0.09445794958300405
R02565,0.9368331216811208
R02566,0.4417494509925363
R02567,0.09684247475111471
R02568,0.15153943963961988
R02569,0.563177752766521
R02570,0.19413203602911472
R02571,0.29753461852673746
R02572,0.15633636779606253
R02573,0.6131350535804059
R02574,0.8590636761297935
R02575,0.13013271014907576
R02576,0.17019349093762465
R02577,0.22589588923885495
R02578,0.1762020250117467
R02579,0.9488861588207692
R02580,0.4133084013582307
R02581,0.9652423856203144
R02582,0.19294362964980674
R02583,0.15970369262035217
R02584,0.21866841171660506
R02585,0.5149433356210027
R02586,0.2126986451840162
R02587,0.2560530829661885
R02588,0.29652691214096216
R02589,0.9830812498019197
R02590,0.2992768489627856
R02591,0.9465795992310835
R02592,0.6064038544155972
R02593,0.265058444834454
R02594,0.20627696647179253
R02595,0.572064246234621
R02596,0.47760026104136405
R02597,0.3037329698421997
R02598,0.1931082833517029
R02599,0.9953276098008246
R02600,0.2711239832685303
R02601,0.2251340242833222
R02602,0.17388777309274164
R02603,0.14985711351246309
R02604,0.1885003873758246
R02605,0.7950625890594217
R02606,0.7875209015434687
R02607,0.2591852092101289
R02608,0.36122760752486477
R02609,0.9940995793668693
R02610,0.9801255731657652
R02611,0.9736194252340201
R02612,0.6221653059587134
R02613,0.23008859635252635
R02614,0.9127596989591915
R02615,0.509586317197781
R02616,0.9464241431046275
R02617,0.24949075404184742
R02618,0.20855442121215656
R02619,0.9335008482602646
R02620,0.9869474643442742
R02621,0.9936477226432628
R02622,0.9817222050766845
R02623,0.9877719470125275
R02624,0.1640438291066447
R02625,0.538724158864181
R02626,0.15612180762303815
R02627,0.29879994057975817
R02628,0.16473978889991264
R02629,0.9583514026479986
R02630,0.29808704515809425
R02631,0.9710242706835233
R02632,0.217002291843256
R02633,0.17714033944783455
R02634,0.9325160482703384
R02635,0.46629974126952817
R02636,0.3037519791953297
R02637,0.9735423540738842
R02638,0.33732345141215037
R02639,0.994013572186023
R02640,0.16726316556801243
R02641,0.66216849252771
R02642,0.26782099483712535
R02643,0.2164432008062675
R02644,0.13545934340743793
R02645,0.9494354159681762
R02646,0.9605298195970254
R02647,0.26273226798085
R02648,0.21095007933568016
R02649,0.47588234491221165
R02650,0.15195688895820042
R02651,0.38591898682068615
R02652,0.6137685631904407
R02653,0.4036708197699108
R02654,0.133089208495846
R02655,0.1592202552628758
R02656,0.9839233892664289
R02657,0.09828718862456827
R02658,0.8015990655524401
R02659,0.973552745280718
R02660,0.3947046439919584
R02661,0.5941907328297158
R02662,0.391939437737679
R02663,0.4347678409475184
R02664,0.16766072057446182
R02665,0.9877811459250774
R02666,0.2164038102087655
R02667,0.1967678196829549
R02668,0.150602745541598
R02669,0.28545115172017843
R02670,0.8893330046632926
R02671,0.3074266443974606
R02672,0.9613833813813213
R02673,0.3783998887950084
R02674,0.30736651096409306
R02675,0.9201620453987562
R02676,0.10863646100159163
R02677,0.6549000019483481
R02678,0.22499636066521614
R02679,0.9873819675395549
R02680,0.20107669201118206
R02681,0.47736146963316545
R02682,0.9698538076909502
R02683,0.9810305136009794
R02684,0.9609246240451905
R02685,0.2629513338686675
R02686,0.13629443981156086
R02687,0.19392968262309726
R02688,0.5244510980681315
R02689,0.283385192301936
R02690,0.35513075703791314
R02691,0.9806911312585703
R02692,0.16618682299559176
R02693,0.9125530884016574
R02694,0.992374688368046
R02695,0.36197510913695496
R02696,0.0812722918925095
R02697,0.19960372253200392
R02698,0.9819407857337962
R02699,0.26588332407628595
R02700,0.19631287280861678
R02701,0.1478909541537064
R02702,0.9940923487230872
R02703,0.9575143955334171
R02704,0.2955929578666746
R02705,0.9797469579946441
R02706,0.09085054794247725
R02707,0.10837663580048977
R02708,0.36964573303994225
R02709,0.2758154330296937
R02710,0.9195837976008634
R02711,0.44453647292470966
R02712,0.32223165292183814
R02713,0.24136686847934016
R02714,0.6188646408089423
R02715,0.42146276090653245
R02716,0.2294964217394465
R02717,0.8719926586424989
R02718,0.9565540444366709
R02719,0.9818104538608657
R02720,0.5670994196530817
R02721,0.7230981606328993
R02722,0.27241853573167973
R02723,0.3365756606244578
R02724,0.22376880027622822
R02725,0.21195989042595956
R02726,0.3209087635159074
R02727,0.38175446308330707
R02728,0.34130601323292786
R02729,0.9721064479378436
R02730,0.07774950034471118
R02731,0.4621361226480901
R02732,0.9895853420263898
R02733,0.2659606164216941
R02734,0.9672578908254973
R02735,0.04723729926999679
R02736,0.2860554062151718
R02737,0.12401252261321488
R02738,0.9682843775634092
R02739,0.5697856318551826
R02740,0.20142878055518765
R02741,0.4383467961759968
R02742,0.11076068002178663
R02743,0.2581530936265804
R02744,0.1966901073141866
R02745,0.9420798613620839
R02746,0.42376383264160333
R02747,0.2016141860708012
R02748,0.056678275266990576
R02749,0.10908555868449488
R02750,0.4713928565224598
R02751,0.5882731390629193
R02752,0.5857091503189119
R02753,0.35419487468035205
R02754,0.9962686546057841
R02755,0.950296202686476
R02756,0.9557289529218844
R02757,0.9618407567313294
R02758,0.3466688973869123
R02759,0.3379630772648142
R02760,0.20544002351693536
R02761,0.983890310908222
R02762,0.5476547424783338
R02763,0.9954366843689519
R02764,0.3203422734736505
R02765,0.9829101196209635
R02766,0.2609539803573904
R02767,0.29550135795310284
R02768,0.8861568919266568
R02769,0.9134819561121579
R02770,0.337118420275349
R02771,0.3956501085297377
R02772,0.9668365598823253
R02773,0.8987940508828006
R02774,0.29807031219596325
R02775,0.9314976871931465
R02776,0.975814430564571
R02777,0.6906363920921106
R02778,0.27826887452629817
R02779,0.24106206240302727
R02780,0.6642461797636938
R02781,0.19548502873049245
R02782,0.526341397205579
R02783,0.3709340142181979
R02784,0.24758515308309254
R02785,0.2006593175060492
R02786,0.39451558520548896
R02787,0.600605880787722
R02788,0.5549202985259226
R02789,0.3605745237910688
R02790,0.4956206822486452
R02791,0.3987276963796068
R02792,0.21443812060214382
R02793,0.31392641950038586
R02794,0.9902026770787257
R02795,0.46248413480992606
R02796,0.23040514871302548
R02797,0.4374978881443742
R02798,0.9826458049728879
R02799,0.3531093413908103
R02800,0.3206480321407159
R02801,0.6127113040440363
R02802,0.17059744244328598
R02803,0.3139277329969532
R02804,0.43363026740253674
R02805,0.32816389163428195
R02806,0.38839831468277153
R02807,0.9101744904026459
R02808,0.9313822818943333
R02809,0.37818848548765144
R02810,0.21283317076004518
R02811,0.5314003743218578
R02812,0.1774228182606893
R02813,0.32402059356539636
R02814,0.5060948614162473
R02815,0.9409658336084588
R02816,0.28512796404261015
R02817,0.4315648109254461
R02818,0.6977054847562922
R02819,0.20221902086699
R02820,0.4002942743936302
R02821,0.35102126806763867
R02822,0.32401073431282146
R02823,0.3402171750939863
R02824,0.25795613776324117
R02825,0.19005072049697755
R02826,0.9505344980223894
R02827,0.9741091653713592
R02828,0.4781802052779668
R02829,0.16261953000430168
R02830,0.29862332911731687
R02831,0.1718477009393824
R02832,0.22608038297989816
R02833,0.574596614351538
R02834,0.9811571395116512
R02835,0.9919077845061529
R02836,0.38686742076125036
R02837,0.9666136599254598
R02838,0.9401474100642566
R02839,0.24295086951770353
R02840,0.6073468249265764
R02841,0.29723968480742735
R02842,0.2231070009097347
R02843,0.1118588526663486
R02844,0.22184186733067113
R02845,0.9919748050438877
R02846,0.2049500165587429
R02847,0.6354925076673383
R02848,0.2364365706805014
R02849,0.9774949387626627
R02850,0.990183959122975
R02851,0.9607754890763955
R02852,0.2973296444789562
R02853,0.9153306739398008
R02854,0.38860960889503693
R02855,0.8484751877770959
R02856,0.6639912755069605
R02857,0.29524132050733837
R02858,0.4936080144420576
R02859,0.5905663393972868
R02860,0.1507563149956169
R02861,0.34716255283643266
R02862,0.14910083526997525
R02863,0.4001752355417639
R02864,0.2222260156902979
R02865,0.9220146457593401
R02866,0.18705052921508034
R02867,0.34729599530167454
R02868,0.995545231353881
R02869,0.32903649816808017
R02870,0.3517040375140047
R02871,0.7123409864389488
R02872,0.9882622085982027
R02873,0.2210759211744495
R02874,0.28807257787540097
R02875,0.9623945495489127
R02876,0.14043479414237175
R02877,0.23264871563439263
R02878,0.13654430820437338
R02879,0.2173363612727571
R02880,0.9515594522861565
R02881,0.25877421060297984
R02882,0.46573337274896903
R02883,0.12330742449425568
R02884,0.39808310195876057
R02885,0.3466458722509664
R02886,0.37013560766607717
R02887,0.25803809927296084
R02888,0.8339048837864506
R02889,0.987717189764868
R02890,0.7645656337051451
R02891,0.43544447992873164
R02892,0.9546924241032532
R02893,0.42251706255191107
R02894,0.5235409663198527
R02895,0.4144964859565838
R02896,0.29783629034160697
R02897,0.9942376262928712
R02898,0.3657046462034783
R02899,0.12706539156461777
R02900,0.5174108750462196
R02901,0.4680386859976001
R02902,0.2072345771980527
R02903,0.9629199244918407
R02904,0.10514624534408072
R02905,0.3083071105879533
R02906,0.44271008850143845
R02907,0.32862294733674763
R02908,0.3606152324763508
R02909,0.8707605471830497
R02910,0.9938728669536724
R02911,0.3154772293308076
R02912,0.289217351489952
R02913,0.9947549814629688
R02914,0.9890565467535409
R02915,0.5493376649756326
R02916,0.23762696537373074
R02917,0.4238773635754863
R02918,0.1750932453400086
R02919,0.9541184026546414
R02920,0.2610736235002985
R02921,0.1086478652301657
R02922,0.4564553548525993
R02923,0.1346113297856719
R02924,0.2805521095810911
R02925,0.37303375372755193
R02926,0.3652596203244495
R02927,0.1910125828795663
R02928,0.5194390158083096
R02929,0.42888064111345553
R02930,0.8459812604174181
R02931,0.17135865757112081
R02932,0.24629215446993014
R02933,0.19938519608597363
R02934,0.9849694311169661
R02935,0.31942827749630104
R02936,0.24989049906836122
R02937,0.32157070504367985
R02938,0.12642907766387307
R02939,0.9891265592723123
R02940,0.9550410337575708
R02941,0.29942803043367544
R02942,0.29682403045060346
R02943,0.562192792022772
R02944,0.14518394592473713
R02945,0.23469824649419993
R02946,0.14100138896556316
R02947,0.15854999789099306
R02948,0.9713998477241048
R02949,0.16367964839716187
R02950,0.44432114909685283
R02951,0.24482290455852213
R02952,0.3646392226512165
R02953,0.2850106895611349
R02954,0.9912577063568213
R02955,0.17830677128115754
R02956,0.900650465593314
R02957,0.2885073913244584
R02958,0.18133504804763684
R02959,0.9149183291011188
R02960,0.28506276670679775
R02961,0.29916536503504704
R02962,0.578200955966609
R02963,0.2797584117906487
R02964,0.9803686538541183
R02965,0.9760242426432229
R02966,0.9942683071972319
R02967,0.9401071163533335
R02968,0.9731390662664327
R02969,0.31779418323956643
R02970,0.2128001864077579
R02971,0.2959331693664772
R02972,0.313922686389709
R02973,0.2771854082910924
R02974,0.27727174786657754
R02975,0.892679102980368
R02976,0.5567240150005632
R02977,0.25821637800449376
R02978,0.9504811907351338
R02979,0.9413600905036809
R02980,0.9933790167780645
R02981,0.9669699586316036
R02982,0.4402266746772631
R02983,0.21605486376638772
R02984,0.23189652115222345
R02985,0.948252443563227
R02986,0.12751078281490077
R02987,0.997076140480901
R02988,0.3999284989687161
R02989,0.985934610654964
R02990,0.3711957274567317
R02991,0.9696123907334578
R02992,0.49958909170678373
R02993,0.26229074574970634
R02994,0.9672100080306227
R02995,0.9787590659271918
R02996,0.2405942270107412
R02997,0.9245140412397306
R02998,0.17990151291197276
R02999,0.5459497821134299
R03000,0.2750734173111468
R03001,0.42129403818533545
R03002,0.288474056227779
R03003,0.4005592996496354
R03004,0.25912524790024716
R03005,0.23384581507842267
R03006,0.9748767196702934
R03007,0.2575762503211448
R03008,0.401948751969408
R03009,0.971969913266689
R03010,0.9353017730339307
R03011,0.9789716347917936
R03012,0.4673200216257434
R03013,0.41339016605406004
R03014,0.17670376318063236
R03015,0.49674178450323714
R03016,0.1586453270646485
R03017,0.5921737098717534
R03018,0.39838462255695645
R03019,0.18779103928801616
R03020,0.24387524750632053
R03021,0.3601701066059602
R03022,0.3438033793933496
R03023,0.32212686253149037
R03024,0.5006692040925436
R03025,0.22566376107782637
R03026,0.2241729000524974
R03027,0.9698232101936777
R03028,0.8232489558782636
R03029,0.16333160820850126
R03030,0.14669606804788501
R03031,0.22479796359935858
R03032,0.17752745904074818
R03033,0.17098706966303912
R03034,0.42686936522433794
R03035,0.17543345822482545
R03036,0.4243218793300647
R03037,0.6940675802976441
R03038,0.2685011539456036
R03039,0.25557776625813744
R03040,0.40845598403084665
R03041,0.3609578052171212
R03042,0.41438286189664353
R03043,0.8507011341519735
R03044,0.45508744766931336
R03045,0.2826237457965657
R03046,0.7766772727472864
R03047,0.43066803442570395
R03048,0.9448697635216536
R03049,0.31213686021858084
R03050,0.16836500588019304
R03051,0.9224593540697845
R03052,0.21978272229664897
R03053,0.29369868144352224
R03054,0.22391322626028756
R03055,0.2918054926129621
R03056,0.940231874950414
R03057,0.7138455436974053
R03058,0.7437629163747558
R03059,0.716656815118284
R03060,0.8214749436017207
R03061,0.3271520158700885
R03062,0.9834678938626207
R03063,0.9731390662664327
R03064,0.2332194813697746
R03065,0.5421610451152076
R03066,0.4083351287401454
R03067,0.8880092969553066
R03068,0.4389438257739542
R03069,0.436180236487445
R03070,0.9744797590068957
R03071,0.20344737148731945
R03072,0.9798305215934726
R03073,0.7568182424306119
R03074,0.2901691081773582
R03075,0.4345461134027167
R03076,0.9977132519302709
R03077,0.9806557244603776
R03078,0.9886061962470335
R03079,0.9761902082205015
R03080,0.15582901695722878
R03081,0.3226957227470784
R03082,0.1945290811437682
R03083,0.5261215286103662
R03084,0.1286160420675401
R03085,0.29494738842201773
R03086,0.8886193758469045
R03087,0.3677713978173578
R03088,0.3634602725797273
R03089,0.9524070702576924
R03090,0.9615924044186974
R03091,0.29113238736011054
R03092,0.23236923380801813
R03093,0.8286802298065709
R03094,0.6670309832093931
R03095,0.07203332395285157
R03096,0.19902899511699954
R03097,0.903571466577085
R03098,0.9944388433661762
R03099,0.8471078818102067
R03100,0.1400214352021092
R03101,0.9751057945620335
R03102,0.9942379412488603
R03103,0.9870079756444612
R03104,0.18572733046323892
R03105,0.9398228717241639
R03106,0.33257619298621194
R03107,0.324812869726992
R03108,0.6672411155521379
R03109,0.29914885176898603
R03110,0.2345723514823688
R03111,0.9841132452294279
R03112,0.9811687619728098
R03113,0.1821836308436659
R03114,0.4188661699341937
R03115,0.24445212546287512
R03116,0.9941634828597344
R03117,0.3091238837652179
R03118,0.2704117349968349
R03119,0.3186603436564358
R03120,0.2283000632953045
R03121,0.38903838221887976
R03122,0.43476653988986586
R03123,0.9348046104886862
R03124,0.38378075674541434
R03125,0.2523105752325008
R03126,0.5001578482378025
R03127,0.7751069647084856
R03128,0.33107748846289425
R03129,0.9072616090290575
R03130,0.14309963949301727
R03131,0.9934860440449532
R03132,0.504308735000343
R03133,0.985374146014721
R03134,0.2731815961028461
R03135,0.17023014562347175
R03136,0.1635938245272911
R03137,0.9471068916541523
R03138,0.1713589338947148
R03139,0.26903117421962636
R03140,0.3182743918819027
R03141,0.9671343275775269
R03142,0.9852394594681105
R03143,0.9533676154618058
R03144,0.9750158298913876
R03145,0.9643708139738812
R03146,0.47953399924131984
R03147,0.9890323323479027
R03148,0.22978028157034902
R03149,0.9673951019816125
R03150,0.4279372162962439
R03151,0.9061999134163822
R03152,0.7027482339954714
R03153,0.09753654053578951
R03154,0.33029744418943024
R03155,0.2515220319200766
R03156,0.9128704062259805
R03157,0.24795618590913523
R03158,0.4155948667286725
R03159,0.422661065706584
R03160,0.9366788338177608
R03161,0.991963157630019
R03162,0.4861614352684292
R03163,0.17220281032094165
R03164,0.46764511339260856
R03165,0.24794673985381108
R03166,0.9703948998300637
R03167,0.2989682991005977
R03168,0.9871895385862547
R03169,0.6135341785716965
R03170,0.10948448773942736
R03171,0.876376598494596
R03172,0.25147761075083785
R03173,0.9262610995051437
R03174,0.35379299231578176
R03175,0.26390979158569206
R03176,0.34363819905167986
R03177,0.21768952381931372
R03178,0.41901996821525805
R03179,0.3567798885734665
R03180,0.8434311327384335
R03181,0.9224578955505243
R03182,0.09958682940839818
R03183,0.3469848089236799
R03184,0.1842366277972065
R03185,0.441462943571126
R03186,0.2133132191055239
R03187,0.98728041054258
R03188,0.8453676628746268
R03189,0.11515459346301811
R03190,0.172419135562405
R03191,0.4938580504391154
R03192,0.9000641724831313
R03193,0.9143401322103747
R03194,0.7148989070833042
R03195,0.4187048835100754
R03196,0.982777985995003
R03197,0.541038793030737
R03198,0.1495570039705851
R03199,0.6542535652955835
R03200,0.8997773340223972
R03201,0.8785732887342487
R03202,0.12974478219648516
R03203,0.4994545414853657
R03204,0.9760808335540413
R03205,0.14295231620962193
R03206,0.14009437287096357
R03207,0.14957431452823466
R03208,0.5102354956436611
R03209,0.34594522999121013
R03210,0.8980170446766015
R03211,0.3718130160819457
R03212,0.3659670161436355
R03213,0.31699199997479643
R03214,0.3776510076934352
R03215,0.1902152731371098
R03216,0.35731623698612097
R03217,0.206346443516096
R03218,0.34740318968565315
R03219,0.4228946391399985
R03220,0.5472282096254304
R03221,0.18551520470344804
R03222,0.30489189082875606
R03223,0.21430927330040023
R03224,0.3141951372710392
R03225,0.9940567709850634
R03226,0.3138073493561164
R03227,0.19393398935452308
R03228,0.4930143210447743
R03229,0.4825890223695621
R03230,0.5489857295457395
R03231,0.9692344170517235
R03232,0.4037157855992154
R03233,0.2933709974482677
R03234,0.14748057439183507
R03235,0.07646977747834625
R03236,0.9942197974583583
R03237,0.9970909773787819
R03238,0.10623377990920628
R03239,0.3585754850618391
R03240,0.8265373106400237
R03241,0.9853236257264764
R03242,0.395934832159994
R03243,0.4679466623135963
R03244,0.5429522122296239
R03245,0.07583930981321167
R03246,0.17434647819485133
R03247,0.9761718496045692
R03248,0.991284877349133
R03249,0.47161096130774566
R03250,0.09108493647628642
R03251,0.9893973807042521
R03252,0.6150395929522054
R03253,0.5844422444599375
R03254,0.1489386033269886
R03255,0.6251501694695035
R03256,0.9490533108524901
R03257,0.9964249006539622
R03258,0.3424970098857499
R03259,0.31062689119891007
R03260,0.31199532936959373
R03261,0.12032377032042745
R03262,0.15230946957576233
R03263,0.2208849467744664
R03264,0.8874758069532166
R03265,0.5882025006627463
R03266,0.41222864150838723
R03267,0.9790052779543352
R03268,0.5524714412699383
R03269,0.29032532100210506
R03270,0.3289911903840577
R03271,0.30042965967049906
R03272,0.6293979264499704
R03273,0.44473091041095764
R03274,0.506540406977528
R03275,0.3616461437941684
R03276,0.11105069994708629
R03277,0.3186791488690925
R03278,0.9620188179006058
R03279,0.29444901623973124
R03280,0.3709676956891667
R03281,0.253533387783874
R03282,0.3824101166344149
R03283,0.45953563329219344
R03284,0.12359014725184857
R03285,0.9905449547463389
R03286,0.31391023371133436
R03287,0.9533676154618058
R03288,0.9858389189090354
R03289,0.7263065784809515
R03290,0.517405766972462
R03291,0.3382012532854544
R03292,0.14878603472371726
R03293,0.9919207694489047
R03294,0.12454466536968231
R03295,0.638493124429913
R03296,0.5013812276281734
R03297,0.6097897293097326
R03298,0.3457411484268434
R03299,0.4738567530243988
R03300,0.30444333657367995
R03301,0.8643934624209797
R03302,0.35728988280840435
R03303,0.16111901022819256
R03304,0.23844477668333905
R03305,0.956607851717293
R03306,0.37525015733221767
R03307,0.3495378291509177
R03308,0.25740422868850854
R03309,0.7579113033037748
R03310,0.9805594965644203
R03311,0.34572391251557505
R03312,0.9778271334505687
R03313,0.23986786626310883
R03314,0.26102889908374105
R03315,0.8021404721370707
R03316,0.5204821471800618
R03317,0.05872293257835002
R03318,0.3246163595800843
R03319,0.1922171211136354
R03320,0.17865451813949462
R03321,0.5156473039382559
R03322,0.23785005271687631
R03323,0.7272386650575372
R03324,0.27977541641905773
R03325,0.174344174779037
R03326,0.9731909723887948
R03327,0.12396338638165334
R03328,0.4558377036824327
R03329,0.2230745190028677
R03330,0.2782995765661339
R03331,0.31454224284155674
R03332,0.1739683580445176
R03333,0.41121691598242227
R03334,0.4867938042364255
R03335,0.2251473386111708
R03336,0.9868257094850993
R03337,0.9915580297502967
R03338,0.4244985404817939
R03339,0.42436613576799453
R03340,0.35655606665201334
R03341,0.15716486233520338
R03342,0.7964800640025821
R03343,0.4014234265912508
R03344,0.9599301725121224
R03345,0.22388070896474505
R03346,0.22400440906231586
R03347,0.12157561835647529
R03348,0.5637249481442334
